family	from	to
Circuit_Diagrams	/Users/edmundofrazao/Codex/autonomous_file_intelligence/runtime/organized_v7/02. Esquemas Eletricos/Sem_Marca/014 - 07D - PSM 03 - CENTRAL - ESQUEMA OLEOD. - COMANDO.doc	/Users/edmundofrazao/Codex/autonomous_file_intelligence/runtime/organized_v7/02. Esquemas Eletricos/Sem_Marca/Circuit_Diagrams/014 - 07D - PSM 03 - CENTRAL - ESQUEMA OLEOD. - COMANDO.doc
Images	/Users/edmundofrazao/Codex/autonomous_file_intelligence/runtime/organized_v7/02. Esquemas Eletricos/Sem_Marca/047.jpg	/Users/edmundofrazao/Codex/autonomous_file_intelligence/runtime/organized_v7/02. Esquemas Eletricos/Sem_Marca/Images/047.jpg
Images	/Users/edmundofrazao/Codex/autonomous_file_intelligence/runtime/organized_v7/02. Esquemas Eletricos/Sem_Marca/052.jpg	/Users/edmundofrazao/Codex/autonomous_file_intelligence/runtime/organized_v7/02. Esquemas Eletricos/Sem_Marca/Images/052.jpg
Images	/Users/edmundofrazao/Codex/autonomous_file_intelligence/runtime/organized_v7/02. Esquemas Eletricos/Sem_Marca/053.jpg	/Users/edmundofrazao/Codex/autonomous_file_intelligence/runtime/organized_v7/02. Esquemas Eletricos/Sem_Marca/Images/053.jpg
Wiring_Loom	/Users/edmundofrazao/Codex/autonomous_file_intelligence/runtime/organized_v7/02. Esquemas Eletricos/Sem_Marca/10UCL wiring diagram.pdf	/Users/edmundofrazao/Codex/autonomous_file_intelligence/runtime/organized_v7/02. Esquemas Eletricos/Sem_Marca/Wiring_Loom/10UCL wiring diagram.pdf
Circuit_Diagrams	/Users/edmundofrazao/Codex/autonomous_file_intelligence/runtime/organized_v7/02. Esquemas Eletricos/Sem_Marca/2.Esquema HD.pdf	/Users/edmundofrazao/Codex/autonomous_file_intelligence/runtime/organized_v7/02. Esquemas Eletricos/Sem_Marca/Circuit_Diagrams/2.Esquema HD.pdf
Circuit_Diagrams	/Users/edmundofrazao/Codex/autonomous_file_intelligence/runtime/organized_v7/02. Esquemas Eletricos/Sem_Marca/30SN1DSCH_b_Electric Diagram.pdf	/Users/edmundofrazao/Codex/autonomous_file_intelligence/runtime/organized_v7/02. Esquemas Eletricos/Sem_Marca/Circuit_Diagrams/30SN1DSCH_b_Electric Diagram.pdf
Wiring_Loom	/Users/edmundofrazao/Codex/autonomous_file_intelligence/runtime/organized_v7/02. Esquemas Eletricos/Sem_Marca/AE-Lift Inverter UPS+BAT Connections.pdf	/Users/edmundofrazao/Codex/autonomous_file_intelligence/runtime/organized_v7/02. Esquemas Eletricos/Sem_Marca/Wiring_Loom/AE-Lift Inverter UPS+BAT Connections.pdf
DWG	/Users/edmundofrazao/Codex/autonomous_file_intelligence/runtime/organized_v7/02. Esquemas Eletricos/Sem_Marca/Adaptação de portas WTC.dwg	/Users/edmundofrazao/Codex/autonomous_file_intelligence/runtime/organized_v7/02. Esquemas Eletricos/Sem_Marca/DWG/Adaptação de portas WTC.dwg
Circuit_Diagrams	/Users/edmundofrazao/Codex/autonomous_file_intelligence/runtime/organized_v7/02. Esquemas Eletricos/Sem_Marca/Atalho para ESQUEMA E PARAMETRIZAÇÃO.lnk	/Users/edmundofrazao/Codex/autonomous_file_intelligence/runtime/organized_v7/02. Esquemas Eletricos/Sem_Marca/Circuit_Diagrams/Atalho para ESQUEMA E PARAMETRIZAÇÃO.lnk
DWG	/Users/edmundofrazao/Codex/autonomous_file_intelligence/runtime/organized_v7/02. Esquemas Eletricos/Sem_Marca/Botoneira emergência extrema.dwg	/Users/edmundofrazao/Codex/autonomous_file_intelligence/runtime/organized_v7/02. Esquemas Eletricos/Sem_Marca/DWG/Botoneira emergência extrema.dwg
DWG	/Users/edmundofrazao/Codex/autonomous_file_intelligence/runtime/organized_v7/02. Esquemas Eletricos/Sem_Marca/Brake Resistance  (1).dwg	/Users/edmundofrazao/Codex/autonomous_file_intelligence/runtime/organized_v7/02. Esquemas Eletricos/Sem_Marca/DWG/Brake Resistance  (1).dwg
Circuit_Diagrams	/Users/edmundofrazao/Codex/autonomous_file_intelligence/runtime/organized_v7/02. Esquemas Eletricos/Sem_Marca/Brake circuit diagram.pdf	/Users/edmundofrazao/Codex/autonomous_file_intelligence/runtime/organized_v7/02. Esquemas Eletricos/Sem_Marca/Circuit_Diagrams/Brake circuit diagram.pdf
Unknown	/Users/edmundofrazao/Codex/autonomous_file_intelligence/runtime/organized_v7/02. Esquemas Eletricos/Sem_Marca/CG-CO-002.pdf	/Users/edmundofrazao/Codex/autonomous_file_intelligence/runtime/organized_v7/02. Esquemas Eletricos/Sem_Marca/Unknown/CG-CO-002.pdf
Unknown	/Users/edmundofrazao/Codex/autonomous_file_intelligence/runtime/organized_v7/02. Esquemas Eletricos/Sem_Marca/CG-MS-001.PDF	/Users/edmundofrazao/Codex/autonomous_file_intelligence/runtime/organized_v7/02. Esquemas Eletricos/Sem_Marca/Unknown/CG-MS-001.PDF
Unknown	/Users/edmundofrazao/Codex/autonomous_file_intelligence/runtime/organized_v7/02. Esquemas Eletricos/Sem_Marca/COMPACT DIADRAM 3.pdf	/Users/edmundofrazao/Codex/autonomous_file_intelligence/runtime/organized_v7/02. Esquemas Eletricos/Sem_Marca/Unknown/COMPACT DIADRAM 3.pdf
Circuit_Diagrams	/Users/edmundofrazao/Codex/autonomous_file_intelligence/runtime/organized_v7/02. Esquemas Eletricos/Sem_Marca/COMPACT DIAGRAM 2.pdf	/Users/edmundofrazao/Codex/autonomous_file_intelligence/runtime/organized_v7/02. Esquemas Eletricos/Sem_Marca/Circuit_Diagrams/COMPACT DIAGRAM 2.pdf
Circuit_Diagrams	/Users/edmundofrazao/Codex/autonomous_file_intelligence/runtime/organized_v7/02. Esquemas Eletricos/Sem_Marca/Circuit Index.xls	/Users/edmundofrazao/Codex/autonomous_file_intelligence/runtime/organized_v7/02. Esquemas Eletricos/Sem_Marca/Circuit_Diagrams/Circuit Index.xls
Circuit_Diagrams	/Users/edmundofrazao/Codex/autonomous_file_intelligence/runtime/organized_v7/02. Esquemas Eletricos/Sem_Marca/Circuito Teórico A21A.pdf	/Users/edmundofrazao/Codex/autonomous_file_intelligence/runtime/organized_v7/02. Esquemas Eletricos/Sem_Marca/Circuit_Diagrams/Circuito Teórico A21A.pdf
DWG	/Users/edmundofrazao/Codex/autonomous_file_intelligence/runtime/organized_v7/02. Esquemas Eletricos/Sem_Marca/Circuito Teórico.dwg	/Users/edmundofrazao/Codex/autonomous_file_intelligence/runtime/organized_v7/02. Esquemas Eletricos/Sem_Marca/DWG/Circuito Teórico.dwg
DWG	/Users/edmundofrazao/Codex/autonomous_file_intelligence/runtime/organized_v7/02. Esquemas Eletricos/Sem_Marca/Comando de emergência da plataforma Slim Extrema.dwg	/Users/edmundofrazao/Codex/autonomous_file_intelligence/runtime/organized_v7/02. Esquemas Eletricos/Sem_Marca/DWG/Comando de emergência da plataforma Slim Extrema.dwg
Wiring_Loom	/Users/edmundofrazao/Codex/autonomous_file_intelligence/runtime/organized_v7/02. Esquemas Eletricos/Sem_Marca/Connection_IP12864.pdf	/Users/edmundofrazao/Codex/autonomous_file_intelligence/runtime/organized_v7/02. Esquemas Eletricos/Sem_Marca/Wiring_Loom/Connection_IP12864.pdf
Wiring_Loom	/Users/edmundofrazao/Codex/autonomous_file_intelligence/runtime/organized_v7/02. Esquemas Eletricos/Sem_Marca/Connection_IP12864_Voice.pdf	/Users/edmundofrazao/Codex/autonomous_file_intelligence/runtime/organized_v7/02. Esquemas Eletricos/Sem_Marca/Wiring_Loom/Connection_IP12864_Voice.pdf
Wiring_Loom	/Users/edmundofrazao/Codex/autonomous_file_intelligence/runtime/organized_v7/02. Esquemas Eletricos/Sem_Marca/Connection_IP240128.pdf	/Users/edmundofrazao/Codex/autonomous_file_intelligence/runtime/organized_v7/02. Esquemas Eletricos/Sem_Marca/Wiring_Loom/Connection_IP240128.pdf
Wiring_Loom	/Users/edmundofrazao/Codex/autonomous_file_intelligence/runtime/organized_v7/02. Esquemas Eletricos/Sem_Marca/Connections for LRV-1.pdf	/Users/edmundofrazao/Codex/autonomous_file_intelligence/runtime/organized_v7/02. Esquemas Eletricos/Sem_Marca/Wiring_Loom/Connections for LRV-1.pdf
Control_Documents	/Users/edmundofrazao/Codex/autonomous_file_intelligence/runtime/organized_v7/02. Esquemas Eletricos/Sem_Marca/DISCRETE INDICATOR DATA SHEET.pdf	/Users/edmundofrazao/Codex/autonomous_file_intelligence/runtime/organized_v7/02. Esquemas Eletricos/Sem_Marca/Control_Documents/DISCRETE INDICATOR DATA SHEET.pdf
DWG	/Users/edmundofrazao/Codex/autonomous_file_intelligence/runtime/organized_v7/02. Esquemas Eletricos/Sem_Marca/Doc 230 PB.dwg	/Users/edmundofrazao/Codex/autonomous_file_intelligence/runtime/organized_v7/02. Esquemas Eletricos/Sem_Marca/DWG/Doc 230 PB.dwg
DWG	/Users/edmundofrazao/Codex/autonomous_file_intelligence/runtime/organized_v7/02. Esquemas Eletricos/Sem_Marca/Doc 230 PB__dup1.dwg	/Users/edmundofrazao/Codex/autonomous_file_intelligence/runtime/organized_v7/02. Esquemas Eletricos/Sem_Marca/DWG/Doc 230 PB__dup1.dwg
DWG	/Users/edmundofrazao/Codex/autonomous_file_intelligence/runtime/organized_v7/02. Esquemas Eletricos/Sem_Marca/Doc 230 PB__dup2.dwg	/Users/edmundofrazao/Codex/autonomous_file_intelligence/runtime/organized_v7/02. Esquemas Eletricos/Sem_Marca/DWG/Doc 230 PB__dup2.dwg
DWG	/Users/edmundofrazao/Codex/autonomous_file_intelligence/runtime/organized_v7/02. Esquemas Eletricos/Sem_Marca/Doc 230V PA.dwg	/Users/edmundofrazao/Codex/autonomous_file_intelligence/runtime/organized_v7/02. Esquemas Eletricos/Sem_Marca/DWG/Doc 230V PA.dwg
DWG	/Users/edmundofrazao/Codex/autonomous_file_intelligence/runtime/organized_v7/02. Esquemas Eletricos/Sem_Marca/Doc 230V PA__dup1.dwg	/Users/edmundofrazao/Codex/autonomous_file_intelligence/runtime/organized_v7/02. Esquemas Eletricos/Sem_Marca/DWG/Doc 230V PA__dup1.dwg
DWG	/Users/edmundofrazao/Codex/autonomous_file_intelligence/runtime/organized_v7/02. Esquemas Eletricos/Sem_Marca/Doc 230V PA__dup2.dwg	/Users/edmundofrazao/Codex/autonomous_file_intelligence/runtime/organized_v7/02. Esquemas Eletricos/Sem_Marca/DWG/Doc 230V PA__dup2.dwg
DWG	/Users/edmundofrazao/Codex/autonomous_file_intelligence/runtime/organized_v7/02. Esquemas Eletricos/Sem_Marca/Doc 400V PA.dwg	/Users/edmundofrazao/Codex/autonomous_file_intelligence/runtime/organized_v7/02. Esquemas Eletricos/Sem_Marca/DWG/Doc 400V PA.dwg
DWG	/Users/edmundofrazao/Codex/autonomous_file_intelligence/runtime/organized_v7/02. Esquemas Eletricos/Sem_Marca/Doc 400V PA__dup1.dwg	/Users/edmundofrazao/Codex/autonomous_file_intelligence/runtime/organized_v7/02. Esquemas Eletricos/Sem_Marca/DWG/Doc 400V PA__dup1.dwg
DWG	/Users/edmundofrazao/Codex/autonomous_file_intelligence/runtime/organized_v7/02. Esquemas Eletricos/Sem_Marca/Doc 400V PA__dup2.dwg	/Users/edmundofrazao/Codex/autonomous_file_intelligence/runtime/organized_v7/02. Esquemas Eletricos/Sem_Marca/DWG/Doc 400V PA__dup2.dwg
DWG	/Users/edmundofrazao/Codex/autonomous_file_intelligence/runtime/organized_v7/02. Esquemas Eletricos/Sem_Marca/Doc 400V PB.A.dwg	/Users/edmundofrazao/Codex/autonomous_file_intelligence/runtime/organized_v7/02. Esquemas Eletricos/Sem_Marca/DWG/Doc 400V PB.A.dwg
DWG	/Users/edmundofrazao/Codex/autonomous_file_intelligence/runtime/organized_v7/02. Esquemas Eletricos/Sem_Marca/Doc 400V PB.dwg	/Users/edmundofrazao/Codex/autonomous_file_intelligence/runtime/organized_v7/02. Esquemas Eletricos/Sem_Marca/DWG/Doc 400V PB.dwg
DWG	/Users/edmundofrazao/Codex/autonomous_file_intelligence/runtime/organized_v7/02. Esquemas Eletricos/Sem_Marca/Doc 400V PB__dup1.dwg	/Users/edmundofrazao/Codex/autonomous_file_intelligence/runtime/organized_v7/02. Esquemas Eletricos/Sem_Marca/DWG/Doc 400V PB__dup1.dwg
DWG	/Users/edmundofrazao/Codex/autonomous_file_intelligence/runtime/organized_v7/02. Esquemas Eletricos/Sem_Marca/Doc 400V PB__dup2.dwg	/Users/edmundofrazao/Codex/autonomous_file_intelligence/runtime/organized_v7/02. Esquemas Eletricos/Sem_Marca/DWG/Doc 400V PB__dup2.dwg
DWG	/Users/edmundofrazao/Codex/autonomous_file_intelligence/runtime/organized_v7/02. Esquemas Eletricos/Sem_Marca/Doc 400V PB__dup3.dwg	/Users/edmundofrazao/Codex/autonomous_file_intelligence/runtime/organized_v7/02. Esquemas Eletricos/Sem_Marca/DWG/Doc 400V PB__dup3.dwg
DWG	/Users/edmundofrazao/Codex/autonomous_file_intelligence/runtime/organized_v7/02. Esquemas Eletricos/Sem_Marca/Down Cable  collection.dwg	/Users/edmundofrazao/Codex/autonomous_file_intelligence/runtime/organized_v7/02. Esquemas Eletricos/Sem_Marca/DWG/Down Cable  collection.dwg
Unknown	/Users/edmundofrazao/Codex/autonomous_file_intelligence/runtime/organized_v7/02. Esquemas Eletricos/Sem_Marca/E0106017 Instrucciones MRL VF Fuji GB captador 103SP v5.0.pdf	/Users/edmundofrazao/Codex/autonomous_file_intelligence/runtime/organized_v7/02. Esquemas Eletricos/Sem_Marca/Unknown/E0106017 Instrucciones MRL VF Fuji GB captador 103SP v5.0.pdf
Circuit_Diagrams	/Users/edmundofrazao/Codex/autonomous_file_intelligence/runtime/organized_v7/02. Esquemas Eletricos/Sem_Marca/E34610_Esquemas Electricos.pdf	/Users/edmundofrazao/Codex/autonomous_file_intelligence/runtime/organized_v7/02. Esquemas Eletricos/Sem_Marca/Circuit_Diagrams/E34610_Esquemas Electricos.pdf
Unknown	/Users/edmundofrazao/Codex/autonomous_file_intelligence/runtime/organized_v7/02. Esquemas Eletricos/Sem_Marca/EE312-06.pdf	/Users/edmundofrazao/Codex/autonomous_file_intelligence/runtime/organized_v7/02. Esquemas Eletricos/Sem_Marca/Unknown/EE312-06.pdf
Unknown	/Users/edmundofrazao/Codex/autonomous_file_intelligence/runtime/organized_v7/02. Esquemas Eletricos/Sem_Marca/EE312.pdf	/Users/edmundofrazao/Codex/autonomous_file_intelligence/runtime/organized_v7/02. Esquemas Eletricos/Sem_Marca/Unknown/EE312.pdf
Circuit_Diagrams	/Users/edmundofrazao/Codex/autonomous_file_intelligence/runtime/organized_v7/02. Esquemas Eletricos/Sem_Marca/EHM2 circuit diagram symbols.DOC	/Users/edmundofrazao/Codex/autonomous_file_intelligence/runtime/organized_v7/02. Esquemas Eletricos/Sem_Marca/Circuit_Diagrams/EHM2 circuit diagram symbols.DOC
Circuit_Diagrams	/Users/edmundofrazao/Codex/autonomous_file_intelligence/runtime/organized_v7/02. Esquemas Eletricos/Sem_Marca/ESQUEMA E PARAMETRIZAÇÃO.PDF	/Users/edmundofrazao/Codex/autonomous_file_intelligence/runtime/organized_v7/02. Esquemas Eletricos/Sem_Marca/Circuit_Diagrams/ESQUEMA E PARAMETRIZAÇÃO.PDF
Wiring_Loom	/Users/edmundofrazao/Codex/autonomous_file_intelligence/runtime/organized_v7/02. Esquemas Eletricos/Sem_Marca/ESQUEMA LIGAÇÕES.pdf	/Users/edmundofrazao/Codex/autonomous_file_intelligence/runtime/organized_v7/02. Esquemas Eletricos/Sem_Marca/Wiring_Loom/ESQUEMA LIGAÇÕES.pdf
Circuit_Diagrams	/Users/edmundofrazao/Codex/autonomous_file_intelligence/runtime/organized_v7/02. Esquemas Eletricos/Sem_Marca/ESQUEMA MIC C (Arriaga 2F).pdf	/Users/edmundofrazao/Codex/autonomous_file_intelligence/runtime/organized_v7/02. Esquemas Eletricos/Sem_Marca/Circuit_Diagrams/ESQUEMA MIC C (Arriaga 2F).pdf
Circuit_Diagrams	/Users/edmundofrazao/Codex/autonomous_file_intelligence/runtime/organized_v7/02. Esquemas Eletricos/Sem_Marca/ESQUEMAS- M4000-AJ3.PDF	/Users/edmundofrazao/Codex/autonomous_file_intelligence/runtime/organized_v7/02. Esquemas Eletricos/Sem_Marca/Circuit_Diagrams/ESQUEMAS- M4000-AJ3.PDF
Circuit_Diagrams	/Users/edmundofrazao/Codex/autonomous_file_intelligence/runtime/organized_v7/02. Esquemas Eletricos/Sem_Marca/EV10 Hydraulic Diagram__dup1.pdf	/Users/edmundofrazao/Codex/autonomous_file_intelligence/runtime/organized_v7/02. Esquemas Eletricos/Sem_Marca/Circuit_Diagrams/EV10 Hydraulic Diagram__dup1.pdf
DWG	/Users/edmundofrazao/Codex/autonomous_file_intelligence/runtime/organized_v7/02. Esquemas Eletricos/Sem_Marca/Electric Drawing.dwg	/Users/edmundofrazao/Codex/autonomous_file_intelligence/runtime/organized_v7/02. Esquemas Eletricos/Sem_Marca/DWG/Electric Drawing.dwg
Circuit_Diagrams	/Users/edmundofrazao/Codex/autonomous_file_intelligence/runtime/organized_v7/02. Esquemas Eletricos/Sem_Marca/Electrical Drawing.pdf	/Users/edmundofrazao/Codex/autonomous_file_intelligence/runtime/organized_v7/02. Esquemas Eletricos/Sem_Marca/Circuit_Diagrams/Electrical Drawing.pdf
DWG	/Users/edmundofrazao/Codex/autonomous_file_intelligence/runtime/organized_v7/02. Esquemas Eletricos/Sem_Marca/Energy Saving System.dwg	/Users/edmundofrazao/Codex/autonomous_file_intelligence/runtime/organized_v7/02. Esquemas Eletricos/Sem_Marca/DWG/Energy Saving System.dwg
DWG	/Users/edmundofrazao/Codex/autonomous_file_intelligence/runtime/organized_v7/02. Esquemas Eletricos/Sem_Marca/Entradas Saídas Placa A21 Homelift.dwg	/Users/edmundofrazao/Codex/autonomous_file_intelligence/runtime/organized_v7/02. Esquemas Eletricos/Sem_Marca/DWG/Entradas Saídas Placa A21 Homelift.dwg
Circuit_Diagrams	/Users/edmundofrazao/Codex/autonomous_file_intelligence/runtime/organized_v7/02. Esquemas Eletricos/Sem_Marca/Esquema 27-05-2022.pdf	/Users/edmundofrazao/Codex/autonomous_file_intelligence/runtime/organized_v7/02. Esquemas Eletricos/Sem_Marca/Circuit_Diagrams/Esquema 27-05-2022.pdf
Circuit_Diagrams	/Users/edmundofrazao/Codex/autonomous_file_intelligence/runtime/organized_v7/02. Esquemas Eletricos/Sem_Marca/Esquema Eléctrico com Variador de Frequência.pdf	/Users/edmundofrazao/Codex/autonomous_file_intelligence/runtime/organized_v7/02. Esquemas Eletricos/Sem_Marca/Circuit_Diagrams/Esquema Eléctrico com Variador de Frequência.pdf
Circuit_Diagrams	/Users/edmundofrazao/Codex/autonomous_file_intelligence/runtime/organized_v7/02. Esquemas Eletricos/Sem_Marca/Esquema Logic.pdf	/Users/edmundofrazao/Codex/autonomous_file_intelligence/runtime/organized_v7/02. Esquemas Eletricos/Sem_Marca/Circuit_Diagrams/Esquema Logic.pdf
Circuit_Diagrams	/Users/edmundofrazao/Codex/autonomous_file_intelligence/runtime/organized_v7/02. Esquemas Eletricos/Sem_Marca/Esquema Manobra K_VF KEB F5B.pdf	/Users/edmundofrazao/Codex/autonomous_file_intelligence/runtime/organized_v7/02. Esquemas Eletricos/Sem_Marca/Circuit_Diagrams/Esquema Manobra K_VF KEB F5B.pdf
Circuit_Diagrams	/Users/edmundofrazao/Codex/autonomous_file_intelligence/runtime/organized_v7/02. Esquemas Eletricos/Sem_Marca/Esquema PS2VH Manobras Hidraulicas M8PC MSM10P.PDF	/Users/edmundofrazao/Codex/autonomous_file_intelligence/runtime/organized_v7/02. Esquemas Eletricos/Sem_Marca/Circuit_Diagrams/Esquema PS2VH Manobras Hidraulicas M8PC MSM10P.PDF
Circuit_Diagrams	/Users/edmundofrazao/Codex/autonomous_file_intelligence/runtime/organized_v7/02. Esquemas Eletricos/Sem_Marca/Esquema Slim.pdf	/Users/edmundofrazao/Codex/autonomous_file_intelligence/runtime/organized_v7/02. Esquemas Eletricos/Sem_Marca/Circuit_Diagrams/Esquema Slim.pdf
Circuit_Diagrams	/Users/edmundofrazao/Codex/autonomous_file_intelligence/runtime/organized_v7/02. Esquemas Eletricos/Sem_Marca/Esquema de Reset Art 75.PDF	/Users/edmundofrazao/Codex/autonomous_file_intelligence/runtime/organized_v7/02. Esquemas Eletricos/Sem_Marca/Circuit_Diagrams/Esquema de Reset Art 75.PDF
Circuit_Diagrams	/Users/edmundofrazao/Codex/autonomous_file_intelligence/runtime/organized_v7/02. Esquemas Eletricos/Sem_Marca/Esquema_Electrico_ElectronicII.pdf	/Users/edmundofrazao/Codex/autonomous_file_intelligence/runtime/organized_v7/02. Esquemas Eletricos/Sem_Marca/Circuit_Diagrams/Esquema_Electrico_ElectronicII.pdf
Circuit_Diagrams	/Users/edmundofrazao/Codex/autonomous_file_intelligence/runtime/organized_v7/02. Esquemas Eletricos/Sem_Marca/Esquemas Magalhães Lemos.pdf	/Users/edmundofrazao/Codex/autonomous_file_intelligence/runtime/organized_v7/02. Esquemas Eletricos/Sem_Marca/Circuit_Diagrams/Esquemas Magalhães Lemos.pdf
Circuit_Diagrams	/Users/edmundofrazao/Codex/autonomous_file_intelligence/runtime/organized_v7/02. Esquemas Eletricos/Sem_Marca/Esquemas bornes.pdf	/Users/edmundofrazao/Codex/autonomous_file_intelligence/runtime/organized_v7/02. Esquemas Eletricos/Sem_Marca/Circuit_Diagrams/Esquemas bornes.pdf
Circuit_Diagrams	/Users/edmundofrazao/Codex/autonomous_file_intelligence/runtime/organized_v7/02. Esquemas Eletricos/Sem_Marca/Esquemas última versão.pdf	/Users/edmundofrazao/Codex/autonomous_file_intelligence/runtime/organized_v7/02. Esquemas Eletricos/Sem_Marca/Circuit_Diagrams/Esquemas última versão.pdf
Wiring_Loom	/Users/edmundofrazao/Codex/autonomous_file_intelligence/runtime/organized_v7/02. Esquemas Eletricos/Sem_Marca/FIELD WIRING.pdf	/Users/edmundofrazao/Codex/autonomous_file_intelligence/runtime/organized_v7/02. Esquemas Eletricos/Sem_Marca/Wiring_Loom/FIELD WIRING.pdf
Unknown	/Users/edmundofrazao/Codex/autonomous_file_intelligence/runtime/organized_v7/02. Esquemas Eletricos/Sem_Marca/GT-MS-011.PDF	/Users/edmundofrazao/Codex/autonomous_file_intelligence/runtime/organized_v7/02. Esquemas Eletricos/Sem_Marca/Unknown/GT-MS-011.PDF
Wiring_Loom	/Users/edmundofrazao/Codex/autonomous_file_intelligence/runtime/organized_v7/02. Esquemas Eletricos/Sem_Marca/H&C Wiring Diagram For Warden Lift.pdf	/Users/edmundofrazao/Codex/autonomous_file_intelligence/runtime/organized_v7/02. Esquemas Eletricos/Sem_Marca/Wiring_Loom/H&C Wiring Diagram For Warden Lift.pdf
Circuit_Diagrams	/Users/edmundofrazao/Codex/autonomous_file_intelligence/runtime/organized_v7/02. Esquemas Eletricos/Sem_Marca/HERCULES(ESQUEMAS).pdf	/Users/edmundofrazao/Codex/autonomous_file_intelligence/runtime/organized_v7/02. Esquemas Eletricos/Sem_Marca/Circuit_Diagrams/HERCULES(ESQUEMAS).pdf
Unknown	/Users/edmundofrazao/Codex/autonomous_file_intelligence/runtime/organized_v7/02. Esquemas Eletricos/Sem_Marca/Ha470434.pdf	/Users/edmundofrazao/Codex/autonomous_file_intelligence/runtime/organized_v7/02. Esquemas Eletricos/Sem_Marca/Unknown/Ha470434.pdf
Unknown	/Users/edmundofrazao/Codex/autonomous_file_intelligence/runtime/organized_v7/02. Esquemas Eletricos/Sem_Marca/Ha470525.pdf	/Users/edmundofrazao/Codex/autonomous_file_intelligence/runtime/organized_v7/02. Esquemas Eletricos/Sem_Marca/Unknown/Ha470525.pdf
Unknown	/Users/edmundofrazao/Codex/autonomous_file_intelligence/runtime/organized_v7/02. Esquemas Eletricos/Sem_Marca/Ha470588.pdf	/Users/edmundofrazao/Codex/autonomous_file_intelligence/runtime/organized_v7/02. Esquemas Eletricos/Sem_Marca/Unknown/Ha470588.pdf
Unknown	/Users/edmundofrazao/Codex/autonomous_file_intelligence/runtime/organized_v7/02. Esquemas Eletricos/Sem_Marca/Ha470595.pdf	/Users/edmundofrazao/Codex/autonomous_file_intelligence/runtime/organized_v7/02. Esquemas Eletricos/Sem_Marca/Unknown/Ha470595.pdf
DWG	/Users/edmundofrazao/Codex/autonomous_file_intelligence/runtime/organized_v7/02. Esquemas Eletricos/Sem_Marca/Handrail AND Skirt Light.dwg	/Users/edmundofrazao/Codex/autonomous_file_intelligence/runtime/organized_v7/02. Esquemas Eletricos/Sem_Marca/DWG/Handrail AND Skirt Light.dwg
Wiring_Loom	/Users/edmundofrazao/Codex/autonomous_file_intelligence/runtime/organized_v7/02. Esquemas Eletricos/Sem_Marca/Hiro M8000_M7000 Wiring Diagram.pdf	/Users/edmundofrazao/Codex/autonomous_file_intelligence/runtime/organized_v7/02. Esquemas Eletricos/Sem_Marca/Wiring_Loom/Hiro M8000_M7000 Wiring Diagram.pdf
Control_Documents	/Users/edmundofrazao/Codex/autonomous_file_intelligence/runtime/organized_v7/02. Esquemas Eletricos/Sem_Marca/INDICATOR CONTROL BOARD.pdf	/Users/edmundofrazao/Codex/autonomous_file_intelligence/runtime/organized_v7/02. Esquemas Eletricos/Sem_Marca/Control_Documents/INDICATOR CONTROL BOARD.pdf
Unknown	/Users/edmundofrazao/Codex/autonomous_file_intelligence/runtime/organized_v7/02. Esquemas Eletricos/Sem_Marca/IP240320_ligações.pdf	/Users/edmundofrazao/Codex/autonomous_file_intelligence/runtime/organized_v7/02. Esquemas Eletricos/Sem_Marca/Unknown/IP240320_ligações.pdf
DWG	/Users/edmundofrazao/Codex/autonomous_file_intelligence/runtime/organized_v7/02. Esquemas Eletricos/Sem_Marca/Inspection Socket.dwg	/Users/edmundofrazao/Codex/autonomous_file_intelligence/runtime/organized_v7/02. Esquemas Eletricos/Sem_Marca/DWG/Inspection Socket.dwg
Wiring_Loom	/Users/edmundofrazao/Codex/autonomous_file_intelligence/runtime/organized_v7/02. Esquemas Eletricos/Sem_Marca/Inverter UPS Connections.pdf	/Users/edmundofrazao/Codex/autonomous_file_intelligence/runtime/organized_v7/02. Esquemas Eletricos/Sem_Marca/Wiring_Loom/Inverter UPS Connections.pdf
Wiring_Loom	/Users/edmundofrazao/Codex/autonomous_file_intelligence/runtime/organized_v7/02. Esquemas Eletricos/Sem_Marca/JSA07710E-AA_PCS-200B VVVF local wiring.pdf	/Users/edmundofrazao/Codex/autonomous_file_intelligence/runtime/organized_v7/02. Esquemas Eletricos/Sem_Marca/Wiring_Loom/JSA07710E-AA_PCS-200B VVVF local wiring.pdf
Circuit_Diagrams	/Users/edmundofrazao/Codex/autonomous_file_intelligence/runtime/organized_v7/02. Esquemas Eletricos/Sem_Marca/KV1 Hydraulic Diagram__dup1.pdf	/Users/edmundofrazao/Codex/autonomous_file_intelligence/runtime/organized_v7/02. Esquemas Eletricos/Sem_Marca/Circuit_Diagrams/KV1 Hydraulic Diagram__dup1.pdf
DWG	/Users/edmundofrazao/Codex/autonomous_file_intelligence/runtime/organized_v7/02. Esquemas Eletricos/Sem_Marca/LCD Fault Code.dwg	/Users/edmundofrazao/Codex/autonomous_file_intelligence/runtime/organized_v7/02. Esquemas Eletricos/Sem_Marca/DWG/LCD Fault Code.dwg
DWG	/Users/edmundofrazao/Codex/autonomous_file_intelligence/runtime/organized_v7/02. Esquemas Eletricos/Sem_Marca/LCD Fault Display.dwg	/Users/edmundofrazao/Codex/autonomous_file_intelligence/runtime/organized_v7/02. Esquemas Eletricos/Sem_Marca/DWG/LCD Fault Display.dwg
DWG	/Users/edmundofrazao/Codex/autonomous_file_intelligence/runtime/organized_v7/02. Esquemas Eletricos/Sem_Marca/LED Fault Code.dwg	/Users/edmundofrazao/Codex/autonomous_file_intelligence/runtime/organized_v7/02. Esquemas Eletricos/Sem_Marca/DWG/LED Fault Code.dwg
DWG	/Users/edmundofrazao/Codex/autonomous_file_intelligence/runtime/organized_v7/02. Esquemas Eletricos/Sem_Marca/LED Fault Display.dwg	/Users/edmundofrazao/Codex/autonomous_file_intelligence/runtime/organized_v7/02. Esquemas Eletricos/Sem_Marca/DWG/LED Fault Display.dwg
DWG	/Users/edmundofrazao/Codex/autonomous_file_intelligence/runtime/organized_v7/02. Esquemas Eletricos/Sem_Marca/LT03-P030_1.dwg	/Users/edmundofrazao/Codex/autonomous_file_intelligence/runtime/organized_v7/02. Esquemas Eletricos/Sem_Marca/DWG/LT03-P030_1.dwg
DWG	/Users/edmundofrazao/Codex/autonomous_file_intelligence/runtime/organized_v7/02. Esquemas Eletricos/Sem_Marca/LT03-P030_1__dup1.dwg	/Users/edmundofrazao/Codex/autonomous_file_intelligence/runtime/organized_v7/02. Esquemas Eletricos/Sem_Marca/DWG/LT03-P030_1__dup1.dwg
DWG	/Users/edmundofrazao/Codex/autonomous_file_intelligence/runtime/organized_v7/02. Esquemas Eletricos/Sem_Marca/LT03-P030_2.dwg	/Users/edmundofrazao/Codex/autonomous_file_intelligence/runtime/organized_v7/02. Esquemas Eletricos/Sem_Marca/DWG/LT03-P030_2.dwg
DWG	/Users/edmundofrazao/Codex/autonomous_file_intelligence/runtime/organized_v7/02. Esquemas Eletricos/Sem_Marca/LT03-P030_2__dup1.dwg	/Users/edmundofrazao/Codex/autonomous_file_intelligence/runtime/organized_v7/02. Esquemas Eletricos/Sem_Marca/DWG/LT03-P030_2__dup1.dwg
DWG	/Users/edmundofrazao/Codex/autonomous_file_intelligence/runtime/organized_v7/02. Esquemas Eletricos/Sem_Marca/LT03-P030_3.dwg	/Users/edmundofrazao/Codex/autonomous_file_intelligence/runtime/organized_v7/02. Esquemas Eletricos/Sem_Marca/DWG/LT03-P030_3.dwg
DWG	/Users/edmundofrazao/Codex/autonomous_file_intelligence/runtime/organized_v7/02. Esquemas Eletricos/Sem_Marca/LT03-P030_3__dup1.dwg	/Users/edmundofrazao/Codex/autonomous_file_intelligence/runtime/organized_v7/02. Esquemas Eletricos/Sem_Marca/DWG/LT03-P030_3__dup1.dwg
DWG	/Users/edmundofrazao/Codex/autonomous_file_intelligence/runtime/organized_v7/02. Esquemas Eletricos/Sem_Marca/LT03-P030_4.dwg	/Users/edmundofrazao/Codex/autonomous_file_intelligence/runtime/organized_v7/02. Esquemas Eletricos/Sem_Marca/DWG/LT03-P030_4.dwg
DWG	/Users/edmundofrazao/Codex/autonomous_file_intelligence/runtime/organized_v7/02. Esquemas Eletricos/Sem_Marca/LT03-P030_4__dup1.dwg	/Users/edmundofrazao/Codex/autonomous_file_intelligence/runtime/organized_v7/02. Esquemas Eletricos/Sem_Marca/DWG/LT03-P030_4__dup1.dwg
DWG	/Users/edmundofrazao/Codex/autonomous_file_intelligence/runtime/organized_v7/02. Esquemas Eletricos/Sem_Marca/LT03-P030_VVVF-4.dwg	/Users/edmundofrazao/Codex/autonomous_file_intelligence/runtime/organized_v7/02. Esquemas Eletricos/Sem_Marca/DWG/LT03-P030_VVVF-4.dwg
DWG	/Users/edmundofrazao/Codex/autonomous_file_intelligence/runtime/organized_v7/02. Esquemas Eletricos/Sem_Marca/LT03-P030_X.dwg	/Users/edmundofrazao/Codex/autonomous_file_intelligence/runtime/organized_v7/02. Esquemas Eletricos/Sem_Marca/DWG/LT03-P030_X.dwg
DWG	/Users/edmundofrazao/Codex/autonomous_file_intelligence/runtime/organized_v7/02. Esquemas Eletricos/Sem_Marca/LT03-P030_X__dup1.dwg	/Users/edmundofrazao/Codex/autonomous_file_intelligence/runtime/organized_v7/02. Esquemas Eletricos/Sem_Marca/DWG/LT03-P030_X__dup1.dwg
Unknown	/Users/edmundofrazao/Codex/autonomous_file_intelligence/runtime/organized_v7/02. Esquemas Eletricos/Sem_Marca/Ligações_Gerador_posição32.pdf	/Users/edmundofrazao/Codex/autonomous_file_intelligence/runtime/organized_v7/02. Esquemas Eletricos/Sem_Marca/Unknown/Ligações_Gerador_posição32.pdf
Wiring_Loom	/Users/edmundofrazao/Codex/autonomous_file_intelligence/runtime/organized_v7/02. Esquemas Eletricos/Sem_Marca/Loom.pdf	/Users/edmundofrazao/Codex/autonomous_file_intelligence/runtime/organized_v7/02. Esquemas Eletricos/Sem_Marca/Wiring_Loom/Loom.pdf
Unknown	/Users/edmundofrazao/Codex/autonomous_file_intelligence/runtime/organized_v7/02. Esquemas Eletricos/Sem_Marca/Loom__dup1.pdf	/Users/edmundofrazao/Codex/autonomous_file_intelligence/runtime/organized_v7/02. Esquemas Eletricos/Sem_Marca/Unknown/Loom__dup1.pdf
Unknown	/Users/edmundofrazao/Codex/autonomous_file_intelligence/runtime/organized_v7/02. Esquemas Eletricos/Sem_Marca/Loom__dup2.pdf	/Users/edmundofrazao/Codex/autonomous_file_intelligence/runtime/organized_v7/02. Esquemas Eletricos/Sem_Marca/Unknown/Loom__dup2.pdf
Unknown	/Users/edmundofrazao/Codex/autonomous_file_intelligence/runtime/organized_v7/02. Esquemas Eletricos/Sem_Marca/Loom__dup3.pdf	/Users/edmundofrazao/Codex/autonomous_file_intelligence/runtime/organized_v7/02. Esquemas Eletricos/Sem_Marca/Unknown/Loom__dup3.pdf
Unknown	/Users/edmundofrazao/Codex/autonomous_file_intelligence/runtime/organized_v7/02. Esquemas Eletricos/Sem_Marca/Loom__dup4.pdf	/Users/edmundofrazao/Codex/autonomous_file_intelligence/runtime/organized_v7/02. Esquemas Eletricos/Sem_Marca/Unknown/Loom__dup4.pdf
Unknown	/Users/edmundofrazao/Codex/autonomous_file_intelligence/runtime/organized_v7/02. Esquemas Eletricos/Sem_Marca/Loom__dup5.pdf	/Users/edmundofrazao/Codex/autonomous_file_intelligence/runtime/organized_v7/02. Esquemas Eletricos/Sem_Marca/Unknown/Loom__dup5.pdf
Unknown	/Users/edmundofrazao/Codex/autonomous_file_intelligence/runtime/organized_v7/02. Esquemas Eletricos/Sem_Marca/Loom__dup6.pdf	/Users/edmundofrazao/Codex/autonomous_file_intelligence/runtime/organized_v7/02. Esquemas Eletricos/Sem_Marca/Unknown/Loom__dup6.pdf
Unknown	/Users/edmundofrazao/Codex/autonomous_file_intelligence/runtime/organized_v7/02. Esquemas Eletricos/Sem_Marca/Loom__dup7.pdf	/Users/edmundofrazao/Codex/autonomous_file_intelligence/runtime/organized_v7/02. Esquemas Eletricos/Sem_Marca/Unknown/Loom__dup7.pdf
Unknown	/Users/edmundofrazao/Codex/autonomous_file_intelligence/runtime/organized_v7/02. Esquemas Eletricos/Sem_Marca/Loom__dup8.pdf	/Users/edmundofrazao/Codex/autonomous_file_intelligence/runtime/organized_v7/02. Esquemas Eletricos/Sem_Marca/Unknown/Loom__dup8.pdf
Unknown	/Users/edmundofrazao/Codex/autonomous_file_intelligence/runtime/organized_v7/02. Esquemas Eletricos/Sem_Marca/Loom__fromdup1.pdf	/Users/edmundofrazao/Codex/autonomous_file_intelligence/runtime/organized_v7/02. Esquemas Eletricos/Sem_Marca/Unknown/Loom__fromdup1.pdf
Unknown	/Users/edmundofrazao/Codex/autonomous_file_intelligence/runtime/organized_v7/02. Esquemas Eletricos/Sem_Marca/Loom__fromdup2.pdf	/Users/edmundofrazao/Codex/autonomous_file_intelligence/runtime/organized_v7/02. Esquemas Eletricos/Sem_Marca/Unknown/Loom__fromdup2.pdf
Unknown	/Users/edmundofrazao/Codex/autonomous_file_intelligence/runtime/organized_v7/02. Esquemas Eletricos/Sem_Marca/Loom__fromdup3.pdf	/Users/edmundofrazao/Codex/autonomous_file_intelligence/runtime/organized_v7/02. Esquemas Eletricos/Sem_Marca/Unknown/Loom__fromdup3.pdf
Unknown	/Users/edmundofrazao/Codex/autonomous_file_intelligence/runtime/organized_v7/02. Esquemas Eletricos/Sem_Marca/Loom__fromdup4.pdf	/Users/edmundofrazao/Codex/autonomous_file_intelligence/runtime/organized_v7/02. Esquemas Eletricos/Sem_Marca/Unknown/Loom__fromdup4.pdf
Unknown	/Users/edmundofrazao/Codex/autonomous_file_intelligence/runtime/organized_v7/02. Esquemas Eletricos/Sem_Marca/Loom__fromdup5.pdf	/Users/edmundofrazao/Codex/autonomous_file_intelligence/runtime/organized_v7/02. Esquemas Eletricos/Sem_Marca/Unknown/Loom__fromdup5.pdf
Unknown	/Users/edmundofrazao/Codex/autonomous_file_intelligence/runtime/organized_v7/02. Esquemas Eletricos/Sem_Marca/Loom__fromdup6.pdf	/Users/edmundofrazao/Codex/autonomous_file_intelligence/runtime/organized_v7/02. Esquemas Eletricos/Sem_Marca/Unknown/Loom__fromdup6.pdf
Unknown	/Users/edmundofrazao/Codex/autonomous_file_intelligence/runtime/organized_v7/02. Esquemas Eletricos/Sem_Marca/Loom__fromdup7.pdf	/Users/edmundofrazao/Codex/autonomous_file_intelligence/runtime/organized_v7/02. Esquemas Eletricos/Sem_Marca/Unknown/Loom__fromdup7.pdf
Unknown	/Users/edmundofrazao/Codex/autonomous_file_intelligence/runtime/organized_v7/02. Esquemas Eletricos/Sem_Marca/Loom__fromdup8.pdf	/Users/edmundofrazao/Codex/autonomous_file_intelligence/runtime/organized_v7/02. Esquemas Eletricos/Sem_Marca/Unknown/Loom__fromdup8.pdf
Unknown	/Users/edmundofrazao/Codex/autonomous_file_intelligence/runtime/organized_v7/02. Esquemas Eletricos/Sem_Marca/Loom__fromdup9.pdf	/Users/edmundofrazao/Codex/autonomous_file_intelligence/runtime/organized_v7/02. Esquemas Eletricos/Sem_Marca/Unknown/Loom__fromdup9.pdf
Circuit_Diagrams	/Users/edmundofrazao/Codex/autonomous_file_intelligence/runtime/organized_v7/02. Esquemas Eletricos/Sem_Marca/MC10 esquemas.pdf	/Users/edmundofrazao/Codex/autonomous_file_intelligence/runtime/organized_v7/02. Esquemas Eletricos/Sem_Marca/Circuit_Diagrams/MC10 esquemas.pdf
Circuit_Diagrams	/Users/edmundofrazao/Codex/autonomous_file_intelligence/runtime/organized_v7/02. Esquemas Eletricos/Sem_Marca/MC10 esquemas.tif	/Users/edmundofrazao/Codex/autonomous_file_intelligence/runtime/organized_v7/02. Esquemas Eletricos/Sem_Marca/Circuit_Diagrams/MC10 esquemas.tif
Circuit_Diagrams	/Users/edmundofrazao/Codex/autonomous_file_intelligence/runtime/organized_v7/02. Esquemas Eletricos/Sem_Marca/MC10 esquemas__fromdup1.pdf	/Users/edmundofrazao/Codex/autonomous_file_intelligence/runtime/organized_v7/02. Esquemas Eletricos/Sem_Marca/Circuit_Diagrams/MC10 esquemas__fromdup1.pdf
Circuit_Diagrams	/Users/edmundofrazao/Codex/autonomous_file_intelligence/runtime/organized_v7/02. Esquemas Eletricos/Sem_Marca/MC10 esquemas__fromdup1.tif	/Users/edmundofrazao/Codex/autonomous_file_intelligence/runtime/organized_v7/02. Esquemas Eletricos/Sem_Marca/Circuit_Diagrams/MC10 esquemas__fromdup1.tif
Control_Documents	/Users/edmundofrazao/Codex/autonomous_file_intelligence/runtime/organized_v7/02. Esquemas Eletricos/Sem_Marca/Nomenclatura.docx	/Users/edmundofrazao/Codex/autonomous_file_intelligence/runtime/organized_v7/02. Esquemas Eletricos/Sem_Marca/Control_Documents/Nomenclatura.docx
Unknown	/Users/edmundofrazao/Codex/autonomous_file_intelligence/runtime/organized_v7/02. Esquemas Eletricos/Sem_Marca/PROTEÇÃO DOS DEDOS.PDF	/Users/edmundofrazao/Codex/autonomous_file_intelligence/runtime/organized_v7/02. Esquemas Eletricos/Sem_Marca/Unknown/PROTEÇÃO DOS DEDOS.PDF
DWG	/Users/edmundofrazao/Codex/autonomous_file_intelligence/runtime/organized_v7/02. Esquemas Eletricos/Sem_Marca/Pillar.dwg	/Users/edmundofrazao/Codex/autonomous_file_intelligence/runtime/organized_v7/02. Esquemas Eletricos/Sem_Marca/DWG/Pillar.dwg
DWG	/Users/edmundofrazao/Codex/autonomous_file_intelligence/runtime/organized_v7/02. Esquemas Eletricos/Sem_Marca/Plug of DCB.dwg	/Users/edmundofrazao/Codex/autonomous_file_intelligence/runtime/organized_v7/02. Esquemas Eletricos/Sem_Marca/DWG/Plug of DCB.dwg
DWG	/Users/edmundofrazao/Codex/autonomous_file_intelligence/runtime/organized_v7/02. Esquemas Eletricos/Sem_Marca/Plug of UCB.dwg	/Users/edmundofrazao/Codex/autonomous_file_intelligence/runtime/organized_v7/02. Esquemas Eletricos/Sem_Marca/DWG/Plug of UCB.dwg
DWG	/Users/edmundofrazao/Codex/autonomous_file_intelligence/runtime/organized_v7/02. Esquemas Eletricos/Sem_Marca/Power and Light.dwg	/Users/edmundofrazao/Codex/autonomous_file_intelligence/runtime/organized_v7/02. Esquemas Eletricos/Sem_Marca/DWG/Power and Light.dwg
Circuit_Diagrams	/Users/edmundofrazao/Codex/autonomous_file_intelligence/runtime/organized_v7/02. Esquemas Eletricos/Sem_Marca/QS II MANUAL DE INSTRUCOES ESQUEMA.PDF	/Users/edmundofrazao/Codex/autonomous_file_intelligence/runtime/organized_v7/02. Esquemas Eletricos/Sem_Marca/Circuit_Diagrams/QS II MANUAL DE INSTRUCOES ESQUEMA.PDF
Unknown	/Users/edmundofrazao/Codex/autonomous_file_intelligence/runtime/organized_v7/02. Esquemas Eletricos/Sem_Marca/ROPED TYPE.pdf	/Users/edmundofrazao/Codex/autonomous_file_intelligence/runtime/organized_v7/02. Esquemas Eletricos/Sem_Marca/Unknown/ROPED TYPE.pdf
Wiring_Loom	/Users/edmundofrazao/Codex/autonomous_file_intelligence/runtime/organized_v7/02. Esquemas Eletricos/Sem_Marca/Reading straight wiring diagrams.pdf	/Users/edmundofrazao/Codex/autonomous_file_intelligence/runtime/organized_v7/02. Esquemas Eletricos/Sem_Marca/Wiring_Loom/Reading straight wiring diagrams.pdf
DWG	/Users/edmundofrazao/Codex/autonomous_file_intelligence/runtime/organized_v7/02. Esquemas Eletricos/Sem_Marca/Reeletrificação das plataformas de Santa Luzia.dwg	/Users/edmundofrazao/Codex/autonomous_file_intelligence/runtime/organized_v7/02. Esquemas Eletricos/Sem_Marca/DWG/Reeletrificação das plataformas de Santa Luzia.dwg
Unknown	/Users/edmundofrazao/Codex/autonomous_file_intelligence/runtime/organized_v7/02. Esquemas Eletricos/Sem_Marca/Relógio semanal Finder.pdf	/Users/edmundofrazao/Codex/autonomous_file_intelligence/runtime/organized_v7/02. Esquemas Eletricos/Sem_Marca/Unknown/Relógio semanal Finder.pdf
Control_Documents	/Users/edmundofrazao/Codex/autonomous_file_intelligence/runtime/organized_v7/02. Esquemas Eletricos/Sem_Marca/SERIAL DIGITAL INDICATOR DATA SHEET.pdf	/Users/edmundofrazao/Codex/autonomous_file_intelligence/runtime/organized_v7/02. Esquemas Eletricos/Sem_Marca/Control_Documents/SERIAL DIGITAL INDICATOR DATA SHEET.pdf
Circuit_Diagrams	/Users/edmundofrazao/Codex/autonomous_file_intelligence/runtime/organized_v7/02. Esquemas Eletricos/Sem_Marca/SERIE F (ESQUEMAS).pdf	/Users/edmundofrazao/Codex/autonomous_file_intelligence/runtime/organized_v7/02. Esquemas Eletricos/Sem_Marca/Circuit_Diagrams/SERIE F (ESQUEMAS).pdf
Circuit_Diagrams	/Users/edmundofrazao/Codex/autonomous_file_intelligence/runtime/organized_v7/02. Esquemas Eletricos/Sem_Marca/SERIE F(ESQUEMA 1).pdf	/Users/edmundofrazao/Codex/autonomous_file_intelligence/runtime/organized_v7/02. Esquemas Eletricos/Sem_Marca/Circuit_Diagrams/SERIE F(ESQUEMA 1).pdf
Circuit_Diagrams	/Users/edmundofrazao/Codex/autonomous_file_intelligence/runtime/organized_v7/02. Esquemas Eletricos/Sem_Marca/SMART ESQUEMAS.pdf	/Users/edmundofrazao/Codex/autonomous_file_intelligence/runtime/organized_v7/02. Esquemas Eletricos/Sem_Marca/Circuit_Diagrams/SMART ESQUEMAS.pdf
Circuit_Diagrams	/Users/edmundofrazao/Codex/autonomous_file_intelligence/runtime/organized_v7/02. Esquemas Eletricos/Sem_Marca/Schema elettrico.pdf	/Users/edmundofrazao/Codex/autonomous_file_intelligence/runtime/organized_v7/02. Esquemas Eletricos/Sem_Marca/Circuit_Diagrams/Schema elettrico.pdf
Circuit_Diagrams	/Users/edmundofrazao/Codex/autonomous_file_intelligence/runtime/organized_v7/02. Esquemas Eletricos/Sem_Marca/Schematic for VF122BR.pdf	/Users/edmundofrazao/Codex/autonomous_file_intelligence/runtime/organized_v7/02. Esquemas Eletricos/Sem_Marca/Circuit_Diagrams/Schematic for VF122BR.pdf
Circuit_Diagrams	/Users/edmundofrazao/Codex/autonomous_file_intelligence/runtime/organized_v7/02. Esquemas Eletricos/Sem_Marca/Schematic for VF88BR.pdf	/Users/edmundofrazao/Codex/autonomous_file_intelligence/runtime/organized_v7/02. Esquemas Eletricos/Sem_Marca/Circuit_Diagrams/Schematic for VF88BR.pdf
Circuit_Diagrams	/Users/edmundofrazao/Codex/autonomous_file_intelligence/runtime/organized_v7/02. Esquemas Eletricos/Sem_Marca/Serie B Esquemas.pdf	/Users/edmundofrazao/Codex/autonomous_file_intelligence/runtime/organized_v7/02. Esquemas Eletricos/Sem_Marca/Circuit_Diagrams/Serie B Esquemas.pdf
Unknown	/Users/edmundofrazao/Codex/autonomous_file_intelligence/runtime/organized_v7/02. Esquemas Eletricos/Sem_Marca/Serie F VFF.pdf	/Users/edmundofrazao/Codex/autonomous_file_intelligence/runtime/organized_v7/02. Esquemas Eletricos/Sem_Marca/Unknown/Serie F VFF.pdf
DWG	/Users/edmundofrazao/Codex/autonomous_file_intelligence/runtime/organized_v7/02. Esquemas Eletricos/Sem_Marca/TF15951_Upper Cable Collocation.dwg	/Users/edmundofrazao/Codex/autonomous_file_intelligence/runtime/organized_v7/02. Esquemas Eletricos/Sem_Marca/DWG/TF15951_Upper Cable Collocation.dwg
DWG	/Users/edmundofrazao/Codex/autonomous_file_intelligence/runtime/organized_v7/02. Esquemas Eletricos/Sem_Marca/TF15952_lower Cable Collocation.dwg	/Users/edmundofrazao/Codex/autonomous_file_intelligence/runtime/organized_v7/02. Esquemas Eletricos/Sem_Marca/DWG/TF15952_lower Cable Collocation.dwg
DWG	/Users/edmundofrazao/Codex/autonomous_file_intelligence/runtime/organized_v7/02. Esquemas Eletricos/Sem_Marca/TF15953_Power and light.dwg	/Users/edmundofrazao/Codex/autonomous_file_intelligence/runtime/organized_v7/02. Esquemas Eletricos/Sem_Marca/DWG/TF15953_Power and light.dwg
DWG	/Users/edmundofrazao/Codex/autonomous_file_intelligence/runtime/organized_v7/02. Esquemas Eletricos/Sem_Marca/TF15954_HandrailSkirt Light.dwg	/Users/edmundofrazao/Codex/autonomous_file_intelligence/runtime/organized_v7/02. Esquemas Eletricos/Sem_Marca/DWG/TF15954_HandrailSkirt Light.dwg
DWG	/Users/edmundofrazao/Codex/autonomous_file_intelligence/runtime/organized_v7/02. Esquemas Eletricos/Sem_Marca/TF15955_Inspection Socket.dwg	/Users/edmundofrazao/Codex/autonomous_file_intelligence/runtime/organized_v7/02. Esquemas Eletricos/Sem_Marca/DWG/TF15955_Inspection Socket.dwg
DWG	/Users/edmundofrazao/Codex/autonomous_file_intelligence/runtime/organized_v7/02. Esquemas Eletricos/Sem_Marca/TF15956_Pillar.dwg	/Users/edmundofrazao/Codex/autonomous_file_intelligence/runtime/organized_v7/02. Esquemas Eletricos/Sem_Marca/DWG/TF15956_Pillar.dwg
DWG	/Users/edmundofrazao/Codex/autonomous_file_intelligence/runtime/organized_v7/02. Esquemas Eletricos/Sem_Marca/TF15957_UCB Plug.dwg	/Users/edmundofrazao/Codex/autonomous_file_intelligence/runtime/organized_v7/02. Esquemas Eletricos/Sem_Marca/DWG/TF15957_UCB Plug.dwg
DWG	/Users/edmundofrazao/Codex/autonomous_file_intelligence/runtime/organized_v7/02. Esquemas Eletricos/Sem_Marca/TF15958_DCB Plug.dwg	/Users/edmundofrazao/Codex/autonomous_file_intelligence/runtime/organized_v7/02. Esquemas Eletricos/Sem_Marca/DWG/TF15958_DCB Plug.dwg
DWG	/Users/edmundofrazao/Codex/autonomous_file_intelligence/runtime/organized_v7/02. Esquemas Eletricos/Sem_Marca/TF15959_Y-í¸ main circuit.dwg	/Users/edmundofrazao/Codex/autonomous_file_intelligence/runtime/organized_v7/02. Esquemas Eletricos/Sem_Marca/DWG/TF15959_Y-í¸ main circuit.dwg
DWG	/Users/edmundofrazao/Codex/autonomous_file_intelligence/runtime/organized_v7/02. Esquemas Eletricos/Sem_Marca/TF15960_Brake Resistance  (1).dwg	/Users/edmundofrazao/Codex/autonomous_file_intelligence/runtime/organized_v7/02. Esquemas Eletricos/Sem_Marca/DWG/TF15960_Brake Resistance  (1).dwg
DWG	/Users/edmundofrazao/Codex/autonomous_file_intelligence/runtime/organized_v7/02. Esquemas Eletricos/Sem_Marca/TF15961_Brake Resistance  (2).dwg	/Users/edmundofrazao/Codex/autonomous_file_intelligence/runtime/organized_v7/02. Esquemas Eletricos/Sem_Marca/DWG/TF15961_Brake Resistance  (2).dwg
DWG	/Users/edmundofrazao/Codex/autonomous_file_intelligence/runtime/organized_v7/02. Esquemas Eletricos/Sem_Marca/TF15962_Brake Resistance  (3).dwg	/Users/edmundofrazao/Codex/autonomous_file_intelligence/runtime/organized_v7/02. Esquemas Eletricos/Sem_Marca/DWG/TF15962_Brake Resistance  (3).dwg
DWG	/Users/edmundofrazao/Codex/autonomous_file_intelligence/runtime/organized_v7/02. Esquemas Eletricos/Sem_Marca/TF15963_LED Fault Code .dwg	/Users/edmundofrazao/Codex/autonomous_file_intelligence/runtime/organized_v7/02. Esquemas Eletricos/Sem_Marca/DWG/TF15963_LED Fault Code .dwg
DWG	/Users/edmundofrazao/Codex/autonomous_file_intelligence/runtime/organized_v7/02. Esquemas Eletricos/Sem_Marca/TF15964_LCD Fault Code .dwg	/Users/edmundofrazao/Codex/autonomous_file_intelligence/runtime/organized_v7/02. Esquemas Eletricos/Sem_Marca/DWG/TF15964_LCD Fault Code .dwg
DWG	/Users/edmundofrazao/Codex/autonomous_file_intelligence/runtime/organized_v7/02. Esquemas Eletricos/Sem_Marca/TF15965_DZT-L(F) Brake System.dwg	/Users/edmundofrazao/Codex/autonomous_file_intelligence/runtime/organized_v7/02. Esquemas Eletricos/Sem_Marca/DWG/TF15965_DZT-L(F) Brake System.dwg
DWG	/Users/edmundofrazao/Codex/autonomous_file_intelligence/runtime/organized_v7/02. Esquemas Eletricos/Sem_Marca/TF15967_VVVF Main Circuit (1)í÷.dwg	/Users/edmundofrazao/Codex/autonomous_file_intelligence/runtime/organized_v7/02. Esquemas Eletricos/Sem_Marca/DWG/TF15967_VVVF Main Circuit (1)í÷.dwg
DWG	/Users/edmundofrazao/Codex/autonomous_file_intelligence/runtime/organized_v7/02. Esquemas Eletricos/Sem_Marca/TF15970_Y-í¸ Control  .dwg	/Users/edmundofrazao/Codex/autonomous_file_intelligence/runtime/organized_v7/02. Esquemas Eletricos/Sem_Marca/DWG/TF15970_Y-í¸ Control  .dwg
DWG	/Users/edmundofrazao/Codex/autonomous_file_intelligence/runtime/organized_v7/02. Esquemas Eletricos/Sem_Marca/Upper Cable  collection.dwg	/Users/edmundofrazao/Codex/autonomous_file_intelligence/runtime/organized_v7/02. Esquemas Eletricos/Sem_Marca/DWG/Upper Cable  collection.dwg
DWG	/Users/edmundofrazao/Codex/autonomous_file_intelligence/runtime/organized_v7/02. Esquemas Eletricos/Sem_Marca/VVVF Control.dwg	/Users/edmundofrazao/Codex/autonomous_file_intelligence/runtime/organized_v7/02. Esquemas Eletricos/Sem_Marca/DWG/VVVF Control.dwg
DWG	/Users/edmundofrazao/Codex/autonomous_file_intelligence/runtime/organized_v7/02. Esquemas Eletricos/Sem_Marca/VVVF Main Circuit (3).dwg	/Users/edmundofrazao/Codex/autonomous_file_intelligence/runtime/organized_v7/02. Esquemas Eletricos/Sem_Marca/DWG/VVVF Main Circuit (3).dwg
DWG	/Users/edmundofrazao/Codex/autonomous_file_intelligence/runtime/organized_v7/02. Esquemas Eletricos/Sem_Marca/Variador de portas.dwg	/Users/edmundofrazao/Codex/autonomous_file_intelligence/runtime/organized_v7/02. Esquemas Eletricos/Sem_Marca/DWG/Variador de portas.dwg
Wiring_Loom	/Users/edmundofrazao/Codex/autonomous_file_intelligence/runtime/organized_v7/02. Esquemas Eletricos/Sem_Marca/Wiring.pdf	/Users/edmundofrazao/Codex/autonomous_file_intelligence/runtime/organized_v7/02. Esquemas Eletricos/Sem_Marca/Wiring_Loom/Wiring.pdf
Unknown	/Users/edmundofrazao/Codex/autonomous_file_intelligence/runtime/organized_v7/02. Esquemas Eletricos/Sem_Marca/Wiring__dup1.pdf	/Users/edmundofrazao/Codex/autonomous_file_intelligence/runtime/organized_v7/02. Esquemas Eletricos/Sem_Marca/Unknown/Wiring__dup1.pdf
Unknown	/Users/edmundofrazao/Codex/autonomous_file_intelligence/runtime/organized_v7/02. Esquemas Eletricos/Sem_Marca/Wiring__dup2.pdf	/Users/edmundofrazao/Codex/autonomous_file_intelligence/runtime/organized_v7/02. Esquemas Eletricos/Sem_Marca/Unknown/Wiring__dup2.pdf
Unknown	/Users/edmundofrazao/Codex/autonomous_file_intelligence/runtime/organized_v7/02. Esquemas Eletricos/Sem_Marca/Wiring__dup3.pdf	/Users/edmundofrazao/Codex/autonomous_file_intelligence/runtime/organized_v7/02. Esquemas Eletricos/Sem_Marca/Unknown/Wiring__dup3.pdf
Unknown	/Users/edmundofrazao/Codex/autonomous_file_intelligence/runtime/organized_v7/02. Esquemas Eletricos/Sem_Marca/Wiring__dup4.pdf	/Users/edmundofrazao/Codex/autonomous_file_intelligence/runtime/organized_v7/02. Esquemas Eletricos/Sem_Marca/Unknown/Wiring__dup4.pdf
Unknown	/Users/edmundofrazao/Codex/autonomous_file_intelligence/runtime/organized_v7/02. Esquemas Eletricos/Sem_Marca/Wiring__dup5.pdf	/Users/edmundofrazao/Codex/autonomous_file_intelligence/runtime/organized_v7/02. Esquemas Eletricos/Sem_Marca/Unknown/Wiring__dup5.pdf
Unknown	/Users/edmundofrazao/Codex/autonomous_file_intelligence/runtime/organized_v7/02. Esquemas Eletricos/Sem_Marca/Wiring__dup6.pdf	/Users/edmundofrazao/Codex/autonomous_file_intelligence/runtime/organized_v7/02. Esquemas Eletricos/Sem_Marca/Unknown/Wiring__dup6.pdf
Unknown	/Users/edmundofrazao/Codex/autonomous_file_intelligence/runtime/organized_v7/02. Esquemas Eletricos/Sem_Marca/Wiring__dup7.pdf	/Users/edmundofrazao/Codex/autonomous_file_intelligence/runtime/organized_v7/02. Esquemas Eletricos/Sem_Marca/Unknown/Wiring__dup7.pdf
Unknown	/Users/edmundofrazao/Codex/autonomous_file_intelligence/runtime/organized_v7/02. Esquemas Eletricos/Sem_Marca/Wiring__dup8.pdf	/Users/edmundofrazao/Codex/autonomous_file_intelligence/runtime/organized_v7/02. Esquemas Eletricos/Sem_Marca/Unknown/Wiring__dup8.pdf
Unknown	/Users/edmundofrazao/Codex/autonomous_file_intelligence/runtime/organized_v7/02. Esquemas Eletricos/Sem_Marca/Wiring__fromdup1.pdf	/Users/edmundofrazao/Codex/autonomous_file_intelligence/runtime/organized_v7/02. Esquemas Eletricos/Sem_Marca/Unknown/Wiring__fromdup1.pdf
Unknown	/Users/edmundofrazao/Codex/autonomous_file_intelligence/runtime/organized_v7/02. Esquemas Eletricos/Sem_Marca/Wiring__fromdup2.pdf	/Users/edmundofrazao/Codex/autonomous_file_intelligence/runtime/organized_v7/02. Esquemas Eletricos/Sem_Marca/Unknown/Wiring__fromdup2.pdf
Unknown	/Users/edmundofrazao/Codex/autonomous_file_intelligence/runtime/organized_v7/02. Esquemas Eletricos/Sem_Marca/Wiring__fromdup3.pdf	/Users/edmundofrazao/Codex/autonomous_file_intelligence/runtime/organized_v7/02. Esquemas Eletricos/Sem_Marca/Unknown/Wiring__fromdup3.pdf
Unknown	/Users/edmundofrazao/Codex/autonomous_file_intelligence/runtime/organized_v7/02. Esquemas Eletricos/Sem_Marca/Wiring__fromdup4.pdf	/Users/edmundofrazao/Codex/autonomous_file_intelligence/runtime/organized_v7/02. Esquemas Eletricos/Sem_Marca/Unknown/Wiring__fromdup4.pdf
Unknown	/Users/edmundofrazao/Codex/autonomous_file_intelligence/runtime/organized_v7/02. Esquemas Eletricos/Sem_Marca/Wiring__fromdup5.pdf	/Users/edmundofrazao/Codex/autonomous_file_intelligence/runtime/organized_v7/02. Esquemas Eletricos/Sem_Marca/Unknown/Wiring__fromdup5.pdf
Unknown	/Users/edmundofrazao/Codex/autonomous_file_intelligence/runtime/organized_v7/02. Esquemas Eletricos/Sem_Marca/Wiring__fromdup6.pdf	/Users/edmundofrazao/Codex/autonomous_file_intelligence/runtime/organized_v7/02. Esquemas Eletricos/Sem_Marca/Unknown/Wiring__fromdup6.pdf
Unknown	/Users/edmundofrazao/Codex/autonomous_file_intelligence/runtime/organized_v7/02. Esquemas Eletricos/Sem_Marca/Wiring__fromdup7.pdf	/Users/edmundofrazao/Codex/autonomous_file_intelligence/runtime/organized_v7/02. Esquemas Eletricos/Sem_Marca/Unknown/Wiring__fromdup7.pdf
Unknown	/Users/edmundofrazao/Codex/autonomous_file_intelligence/runtime/organized_v7/02. Esquemas Eletricos/Sem_Marca/Wiring__fromdup8.pdf	/Users/edmundofrazao/Codex/autonomous_file_intelligence/runtime/organized_v7/02. Esquemas Eletricos/Sem_Marca/Unknown/Wiring__fromdup8.pdf
Unknown	/Users/edmundofrazao/Codex/autonomous_file_intelligence/runtime/organized_v7/02. Esquemas Eletricos/Sem_Marca/Wiring__fromdup9.pdf	/Users/edmundofrazao/Codex/autonomous_file_intelligence/runtime/organized_v7/02. Esquemas Eletricos/Sem_Marca/Unknown/Wiring__fromdup9.pdf
DWG	/Users/edmundofrazao/Codex/autonomous_file_intelligence/runtime/organized_v7/02. Esquemas Eletricos/Sem_Marca/XREF.dwg	/Users/edmundofrazao/Codex/autonomous_file_intelligence/runtime/organized_v7/02. Esquemas Eletricos/Sem_Marca/DWG/XREF.dwg
DWG	/Users/edmundofrazao/Codex/autonomous_file_intelligence/runtime/organized_v7/02. Esquemas Eletricos/Sem_Marca/Y-triangulo Control.dwg	/Users/edmundofrazao/Codex/autonomous_file_intelligence/runtime/organized_v7/02. Esquemas Eletricos/Sem_Marca/DWG/Y-triangulo Control.dwg
DWG	/Users/edmundofrazao/Codex/autonomous_file_intelligence/runtime/organized_v7/02. Esquemas Eletricos/Sem_Marca/Y-triangulo Main Circuit.dwg	/Users/edmundofrazao/Codex/autonomous_file_intelligence/runtime/organized_v7/02. Esquemas Eletricos/Sem_Marca/DWG/Y-triangulo Main Circuit.dwg
Ecogo_Netlist	/Users/edmundofrazao/Codex/autonomous_file_intelligence/runtime/organized_v7/02. Esquemas Eletricos/Sem_Marca/candidate_continuity_map_ecogo.md	/Users/edmundofrazao/Codex/autonomous_file_intelligence/runtime/organized_v7/02. Esquemas Eletricos/Sem_Marca/Ecogo_Netlist/candidate_continuity_map_ecogo.md
Images	/Users/edmundofrazao/Codex/autonomous_file_intelligence/runtime/organized_v7/02. Esquemas Eletricos/Sem_Marca/cover.jpg	/Users/edmundofrazao/Codex/autonomous_file_intelligence/runtime/organized_v7/02. Esquemas Eletricos/Sem_Marca/Images/cover.jpg
Images	/Users/edmundofrazao/Codex/autonomous_file_intelligence/runtime/organized_v7/02. Esquemas Eletricos/Sem_Marca/cover__dup1.jpg	/Users/edmundofrazao/Codex/autonomous_file_intelligence/runtime/organized_v7/02. Esquemas Eletricos/Sem_Marca/Images/cover__dup1.jpg
Images	/Users/edmundofrazao/Codex/autonomous_file_intelligence/runtime/organized_v7/02. Esquemas Eletricos/Sem_Marca/cover__dup10.jpg	/Users/edmundofrazao/Codex/autonomous_file_intelligence/runtime/organized_v7/02. Esquemas Eletricos/Sem_Marca/Images/cover__dup10.jpg
Images	/Users/edmundofrazao/Codex/autonomous_file_intelligence/runtime/organized_v7/02. Esquemas Eletricos/Sem_Marca/cover__dup11.jpg	/Users/edmundofrazao/Codex/autonomous_file_intelligence/runtime/organized_v7/02. Esquemas Eletricos/Sem_Marca/Images/cover__dup11.jpg
Images	/Users/edmundofrazao/Codex/autonomous_file_intelligence/runtime/organized_v7/02. Esquemas Eletricos/Sem_Marca/cover__dup12.jpg	/Users/edmundofrazao/Codex/autonomous_file_intelligence/runtime/organized_v7/02. Esquemas Eletricos/Sem_Marca/Images/cover__dup12.jpg
Images	/Users/edmundofrazao/Codex/autonomous_file_intelligence/runtime/organized_v7/02. Esquemas Eletricos/Sem_Marca/cover__dup13.jpg	/Users/edmundofrazao/Codex/autonomous_file_intelligence/runtime/organized_v7/02. Esquemas Eletricos/Sem_Marca/Images/cover__dup13.jpg
Images	/Users/edmundofrazao/Codex/autonomous_file_intelligence/runtime/organized_v7/02. Esquemas Eletricos/Sem_Marca/cover__dup14.jpg	/Users/edmundofrazao/Codex/autonomous_file_intelligence/runtime/organized_v7/02. Esquemas Eletricos/Sem_Marca/Images/cover__dup14.jpg
Images	/Users/edmundofrazao/Codex/autonomous_file_intelligence/runtime/organized_v7/02. Esquemas Eletricos/Sem_Marca/cover__dup15.jpg	/Users/edmundofrazao/Codex/autonomous_file_intelligence/runtime/organized_v7/02. Esquemas Eletricos/Sem_Marca/Images/cover__dup15.jpg
Images	/Users/edmundofrazao/Codex/autonomous_file_intelligence/runtime/organized_v7/02. Esquemas Eletricos/Sem_Marca/cover__dup2.jpg	/Users/edmundofrazao/Codex/autonomous_file_intelligence/runtime/organized_v7/02. Esquemas Eletricos/Sem_Marca/Images/cover__dup2.jpg
Images	/Users/edmundofrazao/Codex/autonomous_file_intelligence/runtime/organized_v7/02. Esquemas Eletricos/Sem_Marca/cover__dup3.jpg	/Users/edmundofrazao/Codex/autonomous_file_intelligence/runtime/organized_v7/02. Esquemas Eletricos/Sem_Marca/Images/cover__dup3.jpg
Images	/Users/edmundofrazao/Codex/autonomous_file_intelligence/runtime/organized_v7/02. Esquemas Eletricos/Sem_Marca/cover__dup4.jpg	/Users/edmundofrazao/Codex/autonomous_file_intelligence/runtime/organized_v7/02. Esquemas Eletricos/Sem_Marca/Images/cover__dup4.jpg
Images	/Users/edmundofrazao/Codex/autonomous_file_intelligence/runtime/organized_v7/02. Esquemas Eletricos/Sem_Marca/cover__dup5.jpg	/Users/edmundofrazao/Codex/autonomous_file_intelligence/runtime/organized_v7/02. Esquemas Eletricos/Sem_Marca/Images/cover__dup5.jpg
Images	/Users/edmundofrazao/Codex/autonomous_file_intelligence/runtime/organized_v7/02. Esquemas Eletricos/Sem_Marca/cover__dup6.jpg	/Users/edmundofrazao/Codex/autonomous_file_intelligence/runtime/organized_v7/02. Esquemas Eletricos/Sem_Marca/Images/cover__dup6.jpg
Images	/Users/edmundofrazao/Codex/autonomous_file_intelligence/runtime/organized_v7/02. Esquemas Eletricos/Sem_Marca/cover__dup7.jpg	/Users/edmundofrazao/Codex/autonomous_file_intelligence/runtime/organized_v7/02. Esquemas Eletricos/Sem_Marca/Images/cover__dup7.jpg
Images	/Users/edmundofrazao/Codex/autonomous_file_intelligence/runtime/organized_v7/02. Esquemas Eletricos/Sem_Marca/cover__dup8.jpg	/Users/edmundofrazao/Codex/autonomous_file_intelligence/runtime/organized_v7/02. Esquemas Eletricos/Sem_Marca/Images/cover__dup8.jpg
Images	/Users/edmundofrazao/Codex/autonomous_file_intelligence/runtime/organized_v7/02. Esquemas Eletricos/Sem_Marca/cover__dup9.jpg	/Users/edmundofrazao/Codex/autonomous_file_intelligence/runtime/organized_v7/02. Esquemas Eletricos/Sem_Marca/Images/cover__dup9.jpg
Unknown	/Users/edmundofrazao/Codex/autonomous_file_intelligence/runtime/organized_v7/02. Esquemas Eletricos/Sem_Marca/f22802j.pdf	/Users/edmundofrazao/Codex/autonomous_file_intelligence/runtime/organized_v7/02. Esquemas Eletricos/Sem_Marca/Unknown/f22802j.pdf
Unknown	/Users/edmundofrazao/Codex/autonomous_file_intelligence/runtime/organized_v7/02. Esquemas Eletricos/Sem_Marca/f637a.pdf	/Users/edmundofrazao/Codex/autonomous_file_intelligence/runtime/organized_v7/02. Esquemas Eletricos/Sem_Marca/Unknown/f637a.pdf
Unknown	/Users/edmundofrazao/Codex/autonomous_file_intelligence/runtime/organized_v7/02. Esquemas Eletricos/Sem_Marca/gt-hy-004.pdf	/Users/edmundofrazao/Codex/autonomous_file_intelligence/runtime/organized_v7/02. Esquemas Eletricos/Sem_Marca/Unknown/gt-hy-004.pdf
Ecogo_Netlist	/Users/edmundofrazao/Codex/autonomous_file_intelligence/runtime/organized_v7/02. Esquemas Eletricos/Sem_Marca/incremental_wiring_map_summary_ecogo.md	/Users/edmundofrazao/Codex/autonomous_file_intelligence/runtime/organized_v7/02. Esquemas Eletricos/Sem_Marca/Ecogo_Netlist/incremental_wiring_map_summary_ecogo.md
Unknown	/Users/edmundofrazao/Codex/autonomous_file_intelligence/runtime/organized_v7/02. Esquemas Eletricos/Sem_Marca/ligação_MP5.pdf	/Users/edmundofrazao/Codex/autonomous_file_intelligence/runtime/organized_v7/02. Esquemas Eletricos/Sem_Marca/Unknown/ligação_MP5.pdf
Ecogo_Netlist	/Users/edmundofrazao/Codex/autonomous_file_intelligence/runtime/organized_v7/02. Esquemas Eletricos/Sem_Marca/partial_netlist_ecogo.md	/Users/edmundofrazao/Codex/autonomous_file_intelligence/runtime/organized_v7/02. Esquemas Eletricos/Sem_Marca/Ecogo_Netlist/partial_netlist_ecogo.md
Ecogo_Netlist	/Users/edmundofrazao/Codex/autonomous_file_intelligence/runtime/organized_v7/02. Esquemas Eletricos/Sem_Marca/resolved_corridor_ecogo.md	/Users/edmundofrazao/Codex/autonomous_file_intelligence/runtime/organized_v7/02. Esquemas Eletricos/Sem_Marca/Ecogo_Netlist/resolved_corridor_ecogo.md
Circuit_Diagrams	/Users/edmundofrazao/Codex/autonomous_file_intelligence/runtime/organized_v7/02. Esquemas Eletricos/Sem_Marca/safe circuit diagram.pdf	/Users/edmundofrazao/Codex/autonomous_file_intelligence/runtime/organized_v7/02. Esquemas Eletricos/Sem_Marca/Circuit_Diagrams/safe circuit diagram.pdf
Images	/Users/edmundofrazao/Codex/autonomous_file_intelligence/runtime/organized_v7/02. Esquemas Eletricos/Sem_Marca/uh-9.jpg	/Users/edmundofrazao/Codex/autonomous_file_intelligence/runtime/organized_v7/02. Esquemas Eletricos/Sem_Marca/Images/uh-9.jpg
DWG	/Users/edmundofrazao/Codex/autonomous_file_intelligence/runtime/organized_v7/02. Esquemas Eletricos/Sem_Marca/unknown 1.dwg	/Users/edmundofrazao/Codex/autonomous_file_intelligence/runtime/organized_v7/02. Esquemas Eletricos/Sem_Marca/DWG/unknown 1.dwg
