brand	from	to
Bucher	/Users/edmundofrazao/Codex/autonomous_file_intelligence/runtime/organized_v7/01. Documentacao Tecnica/Sem_Marca/BUCHER NTA-1.pdf	/Users/edmundofrazao/Codex/autonomous_file_intelligence/runtime/organized_v7/01. Documentacao Tecnica/Bucher/BUCHER NTA-1.pdf
Bucher	/Users/edmundofrazao/Codex/autonomous_file_intelligence/runtime/organized_v7/01. Documentacao Tecnica/Sem_Marca/Bucher L10-D Safety Valve.pdf	/Users/edmundofrazao/Codex/autonomous_file_intelligence/runtime/organized_v7/01. Documentacao Tecnica/Bucher/Bucher L10-D Safety Valve.pdf
CTA	/Users/edmundofrazao/Codex/autonomous_file_intelligence/runtime/organized_v7/01. Documentacao Tecnica/Sem_Marca/CABLE CONSOLA - CTA CONSOLA.pdf	/Users/edmundofrazao/Codex/autonomous_file_intelligence/runtime/organized_v7/01. Documentacao Tecnica/CTA/CABLE CONSOLA - CTA CONSOLA.pdf
FAIN	/Users/edmundofrazao/Codex/autonomous_file_intelligence/runtime/organized_v7/01. Documentacao Tecnica/Sem_Marca/CAJA MITSUBISHI - FAIN MITSUBISHI.pdf	/Users/edmundofrazao/Codex/autonomous_file_intelligence/runtime/organized_v7/01. Documentacao Tecnica/FAIN/CAJA MITSUBISHI - FAIN MITSUBISHI.pdf
Cibes	/Users/edmundofrazao/Codex/autonomous_file_intelligence/runtime/organized_v7/01. Documentacao Tecnica/Sem_Marca/CIBES Door operator Model 1000.pdf	/Users/edmundofrazao/Codex/autonomous_file_intelligence/runtime/organized_v7/01. Documentacao Tecnica/Cibes/CIBES Door operator Model 1000.pdf
CTA	/Users/edmundofrazao/Codex/autonomous_file_intelligence/runtime/organized_v7/01. Documentacao Tecnica/Sem_Marca/CONSOLA CTA - CTA CONSOLA.txt	/Users/edmundofrazao/Codex/autonomous_file_intelligence/runtime/organized_v7/01. Documentacao Tecnica/CTA/CONSOLA CTA - CTA CONSOLA.txt
CTA	/Users/edmundofrazao/Codex/autonomous_file_intelligence/runtime/organized_v7/01. Documentacao Tecnica/Sem_Marca/CONSOLA CTA.pdf	/Users/edmundofrazao/Codex/autonomous_file_intelligence/runtime/organized_v7/01. Documentacao Tecnica/CTA/CONSOLA CTA.pdf
FAIN	/Users/edmundofrazao/Codex/autonomous_file_intelligence/runtime/organized_v7/01. Documentacao Tecnica/Sem_Marca/CONTROL MARCHA FALTA PULSOS - FAIN.pdf	/Users/edmundofrazao/Codex/autonomous_file_intelligence/runtime/organized_v7/01. Documentacao Tecnica/FAIN/CONTROL MARCHA FALTA PULSOS - FAIN.pdf
CTA	/Users/edmundofrazao/Codex/autonomous_file_intelligence/runtime/organized_v7/01. Documentacao Tecnica/Sem_Marca/CTA (PLACAS M8PC MSM10P).pdf	/Users/edmundofrazao/Codex/autonomous_file_intelligence/runtime/organized_v7/01. Documentacao Tecnica/CTA/CTA (PLACAS M8PC MSM10P).pdf
CTA	/Users/edmundofrazao/Codex/autonomous_file_intelligence/runtime/organized_v7/01. Documentacao Tecnica/Sem_Marca/CTA CABO DUPLO.pdf	/Users/edmundofrazao/Codex/autonomous_file_intelligence/runtime/organized_v7/01. Documentacao Tecnica/CTA/CTA CABO DUPLO.pdf
CTA	/Users/edmundofrazao/Codex/autonomous_file_intelligence/runtime/organized_v7/01. Documentacao Tecnica/Sem_Marca/CTA MANELECT V.2 MR 08 MT 08 - CTA.pdf	/Users/edmundofrazao/Codex/autonomous_file_intelligence/runtime/organized_v7/01. Documentacao Tecnica/CTA/CTA MANELECT V.2 MR 08 MT 08 - CTA.pdf
CTA	/Users/edmundofrazao/Codex/autonomous_file_intelligence/runtime/organized_v7/01. Documentacao Tecnica/Sem_Marca/CTA PESACARGAS BA89A - CTA BA89A.pdf	/Users/edmundofrazao/Codex/autonomous_file_intelligence/runtime/organized_v7/01. Documentacao Tecnica/CTA/CTA PESACARGAS BA89A - CTA BA89A.pdf
CTA	/Users/edmundofrazao/Codex/autonomous_file_intelligence/runtime/organized_v7/01. Documentacao Tecnica/Sem_Marca/CTA SELECTIVA 1 Y 2V SERIE C - CTA.pdf	/Users/edmundofrazao/Codex/autonomous_file_intelligence/runtime/organized_v7/01. Documentacao Tecnica/CTA/CTA SELECTIVA 1 Y 2V SERIE C - CTA.pdf
CTA	/Users/edmundofrazao/Codex/autonomous_file_intelligence/runtime/organized_v7/01. Documentacao Tecnica/Sem_Marca/CTA SR08 CR8Ph2 CR10P - CTA.pdf	/Users/edmundofrazao/Codex/autonomous_file_intelligence/runtime/organized_v7/01. Documentacao Tecnica/CTA/CTA SR08 CR8Ph2 CR10P - CTA.pdf
CTA	/Users/edmundofrazao/Codex/autonomous_file_intelligence/runtime/organized_v7/01. Documentacao Tecnica/Sem_Marca/CTA TELEALARMA MF-01 - CTA MF 01.pdf	/Users/edmundofrazao/Codex/autonomous_file_intelligence/runtime/organized_v7/01. Documentacao Tecnica/CTA/CTA TELEALARMA MF-01 - CTA MF 01.pdf
CTA	/Users/edmundofrazao/Codex/autonomous_file_intelligence/runtime/organized_v7/01. Documentacao Tecnica/Sem_Marca/CTA VERSÃO 2.0.pdf	/Users/edmundofrazao/Codex/autonomous_file_intelligence/runtime/organized_v7/01. Documentacao Tecnica/CTA/CTA VERSÃO 2.0.pdf
CTA	/Users/edmundofrazao/Codex/autonomous_file_intelligence/runtime/organized_v7/01. Documentacao Tecnica/Sem_Marca/CTA.PDF	/Users/edmundofrazao/Codex/autonomous_file_intelligence/runtime/organized_v7/01. Documentacao Tecnica/CTA/CTA.PDF
Cibes	/Users/edmundofrazao/Codex/autonomous_file_intelligence/runtime/organized_v7/01. Documentacao Tecnica/Sem_Marca/Cibes A5000.pdf	/Users/edmundofrazao/Codex/autonomous_file_intelligence/runtime/organized_v7/01. Documentacao Tecnica/Cibes/Cibes A5000.pdf
Cibes	/Users/edmundofrazao/Codex/autonomous_file_intelligence/runtime/organized_v7/01. Documentacao Tecnica/Sem_Marca/Cibes.pdf	/Users/edmundofrazao/Codex/autonomous_file_intelligence/runtime/organized_v7/01. Documentacao Tecnica/Cibes/Cibes.pdf
Electronic_Hellas	/Users/edmundofrazao/Codex/autonomous_file_intelligence/runtime/organized_v7/01. Documentacao Tecnica/Sem_Marca/ELECTRONIC HELLAS - ELECTRONIC HELLAS.jpg	/Users/edmundofrazao/Codex/autonomous_file_intelligence/runtime/organized_v7/01. Documentacao Tecnica/Electronic_Hellas/ELECTRONIC HELLAS - ELECTRONIC HELLAS.jpg
Electronic_Hellas	/Users/edmundofrazao/Codex/autonomous_file_intelligence/runtime/organized_v7/01. Documentacao Tecnica/Sem_Marca/ELECTRONIC HELLAS MEMORIA - ELECTRONIC HELLAS.jpg	/Users/edmundofrazao/Codex/autonomous_file_intelligence/runtime/organized_v7/01. Documentacao Tecnica/Electronic_Hellas/ELECTRONIC HELLAS MEMORIA - ELECTRONIC HELLAS.jpg
Electronic_Hellas	/Users/edmundofrazao/Codex/autonomous_file_intelligence/runtime/organized_v7/01. Documentacao Tecnica/Sem_Marca/ELECTRONIC HELLAS VF - ELECTRONIC HELLAS.jpg	/Users/edmundofrazao/Codex/autonomous_file_intelligence/runtime/organized_v7/01. Documentacao Tecnica/Electronic_Hellas/ELECTRONIC HELLAS VF - ELECTRONIC HELLAS.jpg
Elenor	/Users/edmundofrazao/Codex/autonomous_file_intelligence/runtime/organized_v7/01. Documentacao Tecnica/Sem_Marca/ELENOR COD ERROR RHMKI - ELENOR.pdf	/Users/edmundofrazao/Codex/autonomous_file_intelligence/runtime/organized_v7/01. Documentacao Tecnica/Elenor/ELENOR COD ERROR RHMKI - ELENOR.pdf
Elenor	/Users/edmundofrazao/Codex/autonomous_file_intelligence/runtime/organized_v7/01. Documentacao Tecnica/Sem_Marca/ELENOR ELE01 HY - ELENOR.pdf	/Users/edmundofrazao/Codex/autonomous_file_intelligence/runtime/organized_v7/01. Documentacao Tecnica/Elenor/ELENOR ELE01 HY - ELENOR.pdf
FAIN	/Users/edmundofrazao/Codex/autonomous_file_intelligence/runtime/organized_v7/01. Documentacao Tecnica/Sem_Marca/FAIN  GUIA ZETADYN - FAIN.pdf	/Users/edmundofrazao/Codex/autonomous_file_intelligence/runtime/organized_v7/01. Documentacao Tecnica/FAIN/FAIN  GUIA ZETADYN - FAIN.pdf
FAIN	/Users/edmundofrazao/Codex/autonomous_file_intelligence/runtime/organized_v7/01. Documentacao Tecnica/Sem_Marca/FAIN 2 VELOCIDADES - FAIN.pdf	/Users/edmundofrazao/Codex/autonomous_file_intelligence/runtime/organized_v7/01. Documentacao Tecnica/FAIN/FAIN 2 VELOCIDADES - FAIN.pdf
FAIN	/Users/edmundofrazao/Codex/autonomous_file_intelligence/runtime/organized_v7/01. Documentacao Tecnica/Sem_Marca/FAIN CODIGOS DE ERRORES Y PROGRAMACION - FAIN.pdf	/Users/edmundofrazao/Codex/autonomous_file_intelligence/runtime/organized_v7/01. Documentacao Tecnica/FAIN/FAIN CODIGOS DE ERRORES Y PROGRAMACION - FAIN.pdf
FAIN	/Users/edmundofrazao/Codex/autonomous_file_intelligence/runtime/organized_v7/01. Documentacao Tecnica/Sem_Marca/FAIN CPU - FAIN CPU.pdf	/Users/edmundofrazao/Codex/autonomous_file_intelligence/runtime/organized_v7/01. Documentacao Tecnica/FAIN/FAIN CPU - FAIN CPU.pdf
FAIN	/Users/edmundofrazao/Codex/autonomous_file_intelligence/runtime/organized_v7/01. Documentacao Tecnica/Sem_Marca/FAIN HY - FAIN.pdf	/Users/edmundofrazao/Codex/autonomous_file_intelligence/runtime/organized_v7/01. Documentacao Tecnica/FAIN/FAIN HY - FAIN.pdf
FAIN	/Users/edmundofrazao/Codex/autonomous_file_intelligence/runtime/organized_v7/01. Documentacao Tecnica/Sem_Marca/FAIN MAIOBRA FOTO - FAIN.jpg	/Users/edmundofrazao/Codex/autonomous_file_intelligence/runtime/organized_v7/01. Documentacao Tecnica/FAIN/FAIN MAIOBRA FOTO - FAIN.jpg
FAIN	/Users/edmundofrazao/Codex/autonomous_file_intelligence/runtime/organized_v7/01. Documentacao Tecnica/Sem_Marca/FAIN MONTAJE Y EQWUILIBRADO SCM - FAIN.pdf	/Users/edmundofrazao/Codex/autonomous_file_intelligence/runtime/organized_v7/01. Documentacao Tecnica/FAIN/FAIN MONTAJE Y EQWUILIBRADO SCM - FAIN.pdf
FAIN	/Users/edmundofrazao/Codex/autonomous_file_intelligence/runtime/organized_v7/01. Documentacao Tecnica/Sem_Marca/FAIN PCV 240 CODIGOS ERRORES - FAIN PCV 240.pdf	/Users/edmundofrazao/Codex/autonomous_file_intelligence/runtime/organized_v7/01. Documentacao Tecnica/FAIN/FAIN PCV 240 CODIGOS ERRORES - FAIN PCV 240.pdf
FAIN	/Users/edmundofrazao/Codex/autonomous_file_intelligence/runtime/organized_v7/01. Documentacao Tecnica/Sem_Marca/FAIN PLACA RELES V4 - FAIN.pdf	/Users/edmundofrazao/Codex/autonomous_file_intelligence/runtime/organized_v7/01. Documentacao Tecnica/FAIN/FAIN PLACA RELES V4 - FAIN.pdf
FAIN	/Users/edmundofrazao/Codex/autonomous_file_intelligence/runtime/organized_v7/01. Documentacao Tecnica/Sem_Marca/FAIN PREMONTADA - FAIN.pdf	/Users/edmundofrazao/Codex/autonomous_file_intelligence/runtime/organized_v7/01. Documentacao Tecnica/FAIN/FAIN PREMONTADA - FAIN.pdf
FAIN	/Users/edmundofrazao/Codex/autonomous_file_intelligence/runtime/organized_v7/01. Documentacao Tecnica/Sem_Marca/FAIN SCM V2 VVVF GEARLESS - FAIN.pdf	/Users/edmundofrazao/Codex/autonomous_file_intelligence/runtime/organized_v7/01. Documentacao Tecnica/FAIN/FAIN SCM V2 VVVF GEARLESS - FAIN.pdf
FAIN	/Users/edmundofrazao/Codex/autonomous_file_intelligence/runtime/organized_v7/01. Documentacao Tecnica/Sem_Marca/FAIN TELEALARMA MK-742 - FAIN.pdf	/Users/edmundofrazao/Codex/autonomous_file_intelligence/runtime/organized_v7/01. Documentacao Tecnica/FAIN/FAIN TELEALARMA MK-742 - FAIN.pdf
FAIN	/Users/edmundofrazao/Codex/autonomous_file_intelligence/runtime/organized_v7/01. Documentacao Tecnica/Sem_Marca/FAIN VF - FAIN.pdf	/Users/edmundofrazao/Codex/autonomous_file_intelligence/runtime/organized_v7/01. Documentacao Tecnica/FAIN/FAIN VF - FAIN.pdf
Elenor	/Users/edmundofrazao/Codex/autonomous_file_intelligence/runtime/organized_v7/01. Documentacao Tecnica/Sem_Marca/FOTO 1 - ELENOR.jpg	/Users/edmundofrazao/Codex/autonomous_file_intelligence/runtime/organized_v7/01. Documentacao Tecnica/Elenor/FOTO 1 - ELENOR.jpg
Fuji_Electric	/Users/edmundofrazao/Codex/autonomous_file_intelligence/runtime/organized_v7/01. Documentacao Tecnica/Sem_Marca/FUJI ELECTRIC  G11S LE2 - FUJI ELECTRIC.pdf	/Users/edmundofrazao/Codex/autonomous_file_intelligence/runtime/organized_v7/01. Documentacao Tecnica/Fuji_Electric/FUJI ELECTRIC  G11S LE2 - FUJI ELECTRIC.pdf
Fuji_Electric	/Users/edmundofrazao/Codex/autonomous_file_intelligence/runtime/organized_v7/01. Documentacao Tecnica/Sem_Marca/FUJI ELECTRIC FRENIC LIFT GUIA RAPIDA 1. - FUJI ELECTRIC.pdf	/Users/edmundofrazao/Codex/autonomous_file_intelligence/runtime/organized_v7/01. Documentacao Tecnica/Fuji_Electric/FUJI ELECTRIC FRENIC LIFT GUIA RAPIDA 1. - FUJI ELECTRIC.pdf
Fuji_Electric	/Users/edmundofrazao/Codex/autonomous_file_intelligence/runtime/organized_v7/01. Documentacao Tecnica/Sem_Marca/FUJI ELECTRIC FRENIC_LIFT GUIA RAPIDA 3 - FUJI ELECTRIC.pdf	/Users/edmundofrazao/Codex/autonomous_file_intelligence/runtime/organized_v7/01. Documentacao Tecnica/Fuji_Electric/FUJI ELECTRIC FRENIC_LIFT GUIA RAPIDA 3 - FUJI ELECTRIC.pdf
Fuji_Electric	/Users/edmundofrazao/Codex/autonomous_file_intelligence/runtime/organized_v7/01. Documentacao Tecnica/Sem_Marca/FUJI ELECTRIC MSP G11S - FUJI ELECTRIC.pdf	/Users/edmundofrazao/Codex/autonomous_file_intelligence/runtime/organized_v7/01. Documentacao Tecnica/Fuji_Electric/FUJI ELECTRIC MSP G11S - FUJI ELECTRIC.pdf
Hidral	/Users/edmundofrazao/Codex/autonomous_file_intelligence/runtime/organized_v7/01. Documentacao Tecnica/Sem_Marca/HIDRAL AH ESPECIFICACIONES TECNICAS - HIDRAL AH.pdf	/Users/edmundofrazao/Codex/autonomous_file_intelligence/runtime/organized_v7/01. Documentacao Tecnica/Hidral/HIDRAL AH ESPECIFICACIONES TECNICAS - HIDRAL AH.pdf
Hidral	/Users/edmundofrazao/Codex/autonomous_file_intelligence/runtime/organized_v7/01. Documentacao Tecnica/Sem_Marca/HIDRAL BOT D2IBE-2 - HIDRAL.pdf	/Users/edmundofrazao/Codex/autonomous_file_intelligence/runtime/organized_v7/01. Documentacao Tecnica/Hidral/HIDRAL BOT D2IBE-2 - HIDRAL.pdf
Hidral	/Users/edmundofrazao/Codex/autonomous_file_intelligence/runtime/organized_v7/01. Documentacao Tecnica/Sem_Marca/HIDRAL CENTRAL.pdf	/Users/edmundofrazao/Codex/autonomous_file_intelligence/runtime/organized_v7/01. Documentacao Tecnica/Hidral/HIDRAL CENTRAL.pdf
Hidral	/Users/edmundofrazao/Codex/autonomous_file_intelligence/runtime/organized_v7/01. Documentacao Tecnica/Sem_Marca/HIDRAL COH IM-459 - HIDRAL COH.pdf	/Users/edmundofrazao/Codex/autonomous_file_intelligence/runtime/organized_v7/01. Documentacao Tecnica/Hidral/HIDRAL COH IM-459 - HIDRAL COH.pdf
Hidral	/Users/edmundofrazao/Codex/autonomous_file_intelligence/runtime/organized_v7/01. Documentacao Tecnica/Sem_Marca/HIDRAL DH ESPECIFICACIONES TECNICAS - HIDRAL DH.pdf	/Users/edmundofrazao/Codex/autonomous_file_intelligence/runtime/organized_v7/01. Documentacao Tecnica/Hidral/HIDRAL DH ESPECIFICACIONES TECNICAS - HIDRAL DH.pdf
Hidral	/Users/edmundofrazao/Codex/autonomous_file_intelligence/runtime/organized_v7/01. Documentacao Tecnica/Sem_Marca/HIDRAL DH IU-540 - HIDRAL DH.pdf	/Users/edmundofrazao/Codex/autonomous_file_intelligence/runtime/organized_v7/01. Documentacao Tecnica/Hidral/HIDRAL DH IU-540 - HIDRAL DH.pdf
Hidral	/Users/edmundofrazao/Codex/autonomous_file_intelligence/runtime/organized_v7/01. Documentacao Tecnica/Sem_Marca/HIDRAL DH PS-540 - HIDRAL DH.pdf	/Users/edmundofrazao/Codex/autonomous_file_intelligence/runtime/organized_v7/01. Documentacao Tecnica/Hidral/HIDRAL DH PS-540 - HIDRAL DH.pdf
Hidral	/Users/edmundofrazao/Codex/autonomous_file_intelligence/runtime/organized_v7/01. Documentacao Tecnica/Sem_Marca/HIDRAL DH RES-540 - HIDRAL DH.pdf	/Users/edmundofrazao/Codex/autonomous_file_intelligence/runtime/organized_v7/01. Documentacao Tecnica/Hidral/HIDRAL DH RES-540 - HIDRAL DH.pdf
Hidral	/Users/edmundofrazao/Codex/autonomous_file_intelligence/runtime/organized_v7/01. Documentacao Tecnica/Sem_Marca/HIDRAL EH ESPECIFICACIONES TECNICAS - HIDRAL EH.pdf	/Users/edmundofrazao/Codex/autonomous_file_intelligence/runtime/organized_v7/01. Documentacao Tecnica/Hidral/HIDRAL EH ESPECIFICACIONES TECNICAS - HIDRAL EH.pdf
Hidral	/Users/edmundofrazao/Codex/autonomous_file_intelligence/runtime/organized_v7/01. Documentacao Tecnica/Sem_Marca/HIDRAL EH IM-311 - HIDRAL EH.pdf	/Users/edmundofrazao/Codex/autonomous_file_intelligence/runtime/organized_v7/01. Documentacao Tecnica/Hidral/HIDRAL EH IM-311 - HIDRAL EH.pdf
Hidral	/Users/edmundofrazao/Codex/autonomous_file_intelligence/runtime/organized_v7/01. Documentacao Tecnica/Sem_Marca/HIDRAL EH IM-321 - HIDRAL EH.pdf	/Users/edmundofrazao/Codex/autonomous_file_intelligence/runtime/organized_v7/01. Documentacao Tecnica/Hidral/HIDRAL EH IM-321 - HIDRAL EH.pdf
Hidral	/Users/edmundofrazao/Codex/autonomous_file_intelligence/runtime/organized_v7/01. Documentacao Tecnica/Sem_Marca/HIDRAL EH IM-331 - HIDRAL EH.pdf	/Users/edmundofrazao/Codex/autonomous_file_intelligence/runtime/organized_v7/01. Documentacao Tecnica/Hidral/HIDRAL EH IM-331 - HIDRAL EH.pdf
Hidral	/Users/edmundofrazao/Codex/autonomous_file_intelligence/runtime/organized_v7/01. Documentacao Tecnica/Sem_Marca/HIDRAL EH IM-341 - HIDRAL EH.pdf	/Users/edmundofrazao/Codex/autonomous_file_intelligence/runtime/organized_v7/01. Documentacao Tecnica/Hidral/HIDRAL EH IM-341 - HIDRAL EH.pdf
Hidral	/Users/edmundofrazao/Codex/autonomous_file_intelligence/runtime/organized_v7/01. Documentacao Tecnica/Sem_Marca/HIDRAL EH IM-345 - HIDRAL EH.pdf	/Users/edmundofrazao/Codex/autonomous_file_intelligence/runtime/organized_v7/01. Documentacao Tecnica/Hidral/HIDRAL EH IM-345 - HIDRAL EH.pdf
Hidral	/Users/edmundofrazao/Codex/autonomous_file_intelligence/runtime/organized_v7/01. Documentacao Tecnica/Sem_Marca/HIDRAL EH PS-300 - HIDRAL EH.pdf	/Users/edmundofrazao/Codex/autonomous_file_intelligence/runtime/organized_v7/01. Documentacao Tecnica/Hidral/HIDRAL EH PS-300 - HIDRAL EH.pdf
Hidral	/Users/edmundofrazao/Codex/autonomous_file_intelligence/runtime/organized_v7/01. Documentacao Tecnica/Sem_Marca/HIDRAL EH ST300 02 - HIDRAL EH.pdf	/Users/edmundofrazao/Codex/autonomous_file_intelligence/runtime/organized_v7/01. Documentacao Tecnica/Hidral/HIDRAL EH ST300 02 - HIDRAL EH.pdf
Hidral	/Users/edmundofrazao/Codex/autonomous_file_intelligence/runtime/organized_v7/01. Documentacao Tecnica/Sem_Marca/HIDRAL ERMIDAS INSTRUÇOES USO.pdf	/Users/edmundofrazao/Codex/autonomous_file_intelligence/runtime/organized_v7/01. Documentacao Tecnica/Hidral/HIDRAL ERMIDAS INSTRUÇOES USO.pdf
Hidral	/Users/edmundofrazao/Codex/autonomous_file_intelligence/runtime/organized_v7/01. Documentacao Tecnica/Sem_Marca/HIDRAL H2V-N - HIDRAL.zip	/Users/edmundofrazao/Codex/autonomous_file_intelligence/runtime/organized_v7/01. Documentacao Tecnica/Hidral/HIDRAL H2V-N - HIDRAL.zip
Hidral	/Users/edmundofrazao/Codex/autonomous_file_intelligence/runtime/organized_v7/01. Documentacao Tecnica/Sem_Marca/HIDRAL HA IM-614 - HIDRAL HA.pdf	/Users/edmundofrazao/Codex/autonomous_file_intelligence/runtime/organized_v7/01. Documentacao Tecnica/Hidral/HIDRAL HA IM-614 - HIDRAL HA.pdf
Hidral	/Users/edmundofrazao/Codex/autonomous_file_intelligence/runtime/organized_v7/01. Documentacao Tecnica/Sem_Marca/HIDRAL HO IM-301 - HIDRAL HO.pdf	/Users/edmundofrazao/Codex/autonomous_file_intelligence/runtime/organized_v7/01. Documentacao Tecnica/Hidral/HIDRAL HO IM-301 - HIDRAL HO.pdf
Hidral	/Users/edmundofrazao/Codex/autonomous_file_intelligence/runtime/organized_v7/01. Documentacao Tecnica/Sem_Marca/HIDRAL IM-611 - HIDRAL.pdf	/Users/edmundofrazao/Codex/autonomous_file_intelligence/runtime/organized_v7/01. Documentacao Tecnica/Hidral/HIDRAL IM-611 - HIDRAL.pdf
Hidral	/Users/edmundofrazao/Codex/autonomous_file_intelligence/runtime/organized_v7/01. Documentacao Tecnica/Sem_Marca/HIDRAL MC QH CONFIG - HIDRAL MC QH.pdf	/Users/edmundofrazao/Codex/autonomous_file_intelligence/runtime/organized_v7/01. Documentacao Tecnica/Hidral/HIDRAL MC QH CONFIG - HIDRAL MC QH.pdf
Hidral	/Users/edmundofrazao/Codex/autonomous_file_intelligence/runtime/organized_v7/01. Documentacao Tecnica/Sem_Marca/HIDRAL MC QH ERRORES - HIDRAL MC QH.pdf	/Users/edmundofrazao/Codex/autonomous_file_intelligence/runtime/organized_v7/01. Documentacao Tecnica/Hidral/HIDRAL MC QH ERRORES - HIDRAL MC QH.pdf
Hidral	/Users/edmundofrazao/Codex/autonomous_file_intelligence/runtime/organized_v7/01. Documentacao Tecnica/Sem_Marca/HIDRAL MC QH ESTADOS - HIDRAL MC QH.pdf	/Users/edmundofrazao/Codex/autonomous_file_intelligence/runtime/organized_v7/01. Documentacao Tecnica/Hidral/HIDRAL MC QH ESTADOS - HIDRAL MC QH.pdf
Hidral	/Users/edmundofrazao/Codex/autonomous_file_intelligence/runtime/organized_v7/01. Documentacao Tecnica/Sem_Marca/HIDRAL MC QH MAP07 - HIDRAL MC QH.pdf	/Users/edmundofrazao/Codex/autonomous_file_intelligence/runtime/organized_v7/01. Documentacao Tecnica/Hidral/HIDRAL MC QH MAP07 - HIDRAL MC QH.pdf
Hidral	/Users/edmundofrazao/Codex/autonomous_file_intelligence/runtime/organized_v7/01. Documentacao Tecnica/Sem_Marca/HIDRAL MC QH SENALES PLC - HIDRAL MC QH.pdf	/Users/edmundofrazao/Codex/autonomous_file_intelligence/runtime/organized_v7/01. Documentacao Tecnica/Hidral/HIDRAL MC QH SENALES PLC - HIDRAL MC QH.pdf
Hidral	/Users/edmundofrazao/Codex/autonomous_file_intelligence/runtime/organized_v7/01. Documentacao Tecnica/Sem_Marca/HIDRAL MCH ESPECIFICACIONES TECNICAS - HIDRAL MCH.pdf	/Users/edmundofrazao/Codex/autonomous_file_intelligence/runtime/organized_v7/01. Documentacao Tecnica/Hidral/HIDRAL MCH ESPECIFICACIONES TECNICAS - HIDRAL MCH.pdf
Hidral	/Users/edmundofrazao/Codex/autonomous_file_intelligence/runtime/organized_v7/01. Documentacao Tecnica/Sem_Marca/HIDRAL MCH IM-460 - HIDRAL MCH.pdf	/Users/edmundofrazao/Codex/autonomous_file_intelligence/runtime/organized_v7/01. Documentacao Tecnica/Hidral/HIDRAL MCH IM-460 - HIDRAL MCH.pdf
Hidral	/Users/edmundofrazao/Codex/autonomous_file_intelligence/runtime/organized_v7/01. Documentacao Tecnica/Sem_Marca/HIDRAL MCH IU-406 - HIDRAL MCH.pdf	/Users/edmundofrazao/Codex/autonomous_file_intelligence/runtime/organized_v7/01. Documentacao Tecnica/Hidral/HIDRAL MCH IU-406 - HIDRAL MCH.pdf
Hidral	/Users/edmundofrazao/Codex/autonomous_file_intelligence/runtime/organized_v7/01. Documentacao Tecnica/Sem_Marca/HIDRAL MCH M-406 - HIDRAL MCH.pdf	/Users/edmundofrazao/Codex/autonomous_file_intelligence/runtime/organized_v7/01. Documentacao Tecnica/Hidral/HIDRAL MCH M-406 - HIDRAL MCH.pdf
Hidral	/Users/edmundofrazao/Codex/autonomous_file_intelligence/runtime/organized_v7/01. Documentacao Tecnica/Sem_Marca/HIDRAL MEH3 AD ANTIDERIVA - HIDRAL MEH3.pdf	/Users/edmundofrazao/Codex/autonomous_file_intelligence/runtime/organized_v7/01. Documentacao Tecnica/Hidral/HIDRAL MEH3 AD ANTIDERIVA - HIDRAL MEH3.pdf
Hidral	/Users/edmundofrazao/Codex/autonomous_file_intelligence/runtime/organized_v7/01. Documentacao Tecnica/Sem_Marca/HIDRAL MEH3 ELEC - HIDRAL MEH3.pdf	/Users/edmundofrazao/Codex/autonomous_file_intelligence/runtime/organized_v7/01. Documentacao Tecnica/Hidral/HIDRAL MEH3 ELEC - HIDRAL MEH3.pdf
Hidral	/Users/edmundofrazao/Codex/autonomous_file_intelligence/runtime/organized_v7/01. Documentacao Tecnica/Sem_Marca/HIDRAL MH ESPECIFICACIONES TECNICAS - HIDRAL MH.pdf	/Users/edmundofrazao/Codex/autonomous_file_intelligence/runtime/organized_v7/01. Documentacao Tecnica/Hidral/HIDRAL MH ESPECIFICACIONES TECNICAS - HIDRAL MH.pdf
Hidral	/Users/edmundofrazao/Codex/autonomous_file_intelligence/runtime/organized_v7/01. Documentacao Tecnica/Sem_Marca/HIDRAL MH IM-510 - HIDRAL MH.pdf	/Users/edmundofrazao/Codex/autonomous_file_intelligence/runtime/organized_v7/01. Documentacao Tecnica/Hidral/HIDRAL MH IM-510 - HIDRAL MH.pdf
Hidral	/Users/edmundofrazao/Codex/autonomous_file_intelligence/runtime/organized_v7/01. Documentacao Tecnica/Sem_Marca/HIDRAL MH IM-511 - HIDRAL MH.pdf	/Users/edmundofrazao/Codex/autonomous_file_intelligence/runtime/organized_v7/01. Documentacao Tecnica/Hidral/HIDRAL MH IM-511 - HIDRAL MH.pdf
Hidral	/Users/edmundofrazao/Codex/autonomous_file_intelligence/runtime/organized_v7/01. Documentacao Tecnica/Sem_Marca/HIDRAL MH IM-512 - HIDRAL MH.pdf	/Users/edmundofrazao/Codex/autonomous_file_intelligence/runtime/organized_v7/01. Documentacao Tecnica/Hidral/HIDRAL MH IM-512 - HIDRAL MH.pdf
Hidral	/Users/edmundofrazao/Codex/autonomous_file_intelligence/runtime/organized_v7/01. Documentacao Tecnica/Sem_Marca/HIDRAL MH M-510 - HIDRAL MH.pdf	/Users/edmundofrazao/Codex/autonomous_file_intelligence/runtime/organized_v7/01. Documentacao Tecnica/Hidral/HIDRAL MH M-510 - HIDRAL MH.pdf
Hidral	/Users/edmundofrazao/Codex/autonomous_file_intelligence/runtime/organized_v7/01. Documentacao Tecnica/Sem_Marca/HIDRAL MH M-512 - HIDRAL MH.pdf	/Users/edmundofrazao/Codex/autonomous_file_intelligence/runtime/organized_v7/01. Documentacao Tecnica/Hidral/HIDRAL MH M-512 - HIDRAL MH.pdf
Hidral	/Users/edmundofrazao/Codex/autonomous_file_intelligence/runtime/organized_v7/01. Documentacao Tecnica/Sem_Marca/HIDRAL MH PS-511 - HIDRAL MH.pdf	/Users/edmundofrazao/Codex/autonomous_file_intelligence/runtime/organized_v7/01. Documentacao Tecnica/Hidral/HIDRAL MH PS-511 - HIDRAL MH.pdf
Hidral	/Users/edmundofrazao/Codex/autonomous_file_intelligence/runtime/organized_v7/01. Documentacao Tecnica/Sem_Marca/HIDRAL MH PS-512 - HIDRAL MH.pdf	/Users/edmundofrazao/Codex/autonomous_file_intelligence/runtime/organized_v7/01. Documentacao Tecnica/Hidral/HIDRAL MH PS-512 - HIDRAL MH.pdf
Hidral	/Users/edmundofrazao/Codex/autonomous_file_intelligence/runtime/organized_v7/01. Documentacao Tecnica/Sem_Marca/HIDRAL MH ST510 01 - HIDRAL MH.pdf	/Users/edmundofrazao/Codex/autonomous_file_intelligence/runtime/organized_v7/01. Documentacao Tecnica/Hidral/HIDRAL MH ST510 01 - HIDRAL MH.pdf
Hidral	/Users/edmundofrazao/Codex/autonomous_file_intelligence/runtime/organized_v7/01. Documentacao Tecnica/Sem_Marca/HIDRAL MIH IM-452 - HIDRAL MIH.pdf	/Users/edmundofrazao/Codex/autonomous_file_intelligence/runtime/organized_v7/01. Documentacao Tecnica/Hidral/HIDRAL MIH IM-452 - HIDRAL MIH.pdf
Hidral	/Users/edmundofrazao/Codex/autonomous_file_intelligence/runtime/organized_v7/01. Documentacao Tecnica/Sem_Marca/HIDRAL MIH IU-405 - HIDRAL MIH.pdf	/Users/edmundofrazao/Codex/autonomous_file_intelligence/runtime/organized_v7/01. Documentacao Tecnica/Hidral/HIDRAL MIH IU-405 - HIDRAL MIH.pdf
Hidral	/Users/edmundofrazao/Codex/autonomous_file_intelligence/runtime/organized_v7/01. Documentacao Tecnica/Sem_Marca/HIDRAL MIH M-405 - HIDRAL MIH.pdf	/Users/edmundofrazao/Codex/autonomous_file_intelligence/runtime/organized_v7/01. Documentacao Tecnica/Hidral/HIDRAL MIH M-405 - HIDRAL MIH.pdf
Hidral	/Users/edmundofrazao/Codex/autonomous_file_intelligence/runtime/organized_v7/01. Documentacao Tecnica/Sem_Marca/HIDRAL MIH, MDH ESPECIFICACIONES TECNICA - HIDRAL MIH.pdf	/Users/edmundofrazao/Codex/autonomous_file_intelligence/runtime/organized_v7/01. Documentacao Tecnica/Hidral/HIDRAL MIH, MDH ESPECIFICACIONES TECNICA - HIDRAL MIH.pdf
Hidral	/Users/edmundofrazao/Codex/autonomous_file_intelligence/runtime/organized_v7/01. Documentacao Tecnica/Sem_Marca/HIDRAL MINI CARGAS MH - HIDRAL MH.pdf	/Users/edmundofrazao/Codex/autonomous_file_intelligence/runtime/organized_v7/01. Documentacao Tecnica/Hidral/HIDRAL MINI CARGAS MH - HIDRAL MH.pdf
Hidral	/Users/edmundofrazao/Codex/autonomous_file_intelligence/runtime/organized_v7/01. Documentacao Tecnica/Sem_Marca/HIDRAL MONTACOCHES QH REPUESTOS - HIDRAL MC QH.pdf	/Users/edmundofrazao/Codex/autonomous_file_intelligence/runtime/organized_v7/01. Documentacao Tecnica/Hidral/HIDRAL MONTACOCHES QH REPUESTOS - HIDRAL MC QH.pdf
Hidral	/Users/edmundofrazao/Codex/autonomous_file_intelligence/runtime/organized_v7/01. Documentacao Tecnica/Sem_Marca/HIDRAL MTH ESPECIFICACIONES TECNICAS - HIDRAL MTH.pdf	/Users/edmundofrazao/Codex/autonomous_file_intelligence/runtime/organized_v7/01. Documentacao Tecnica/Hidral/HIDRAL MTH ESPECIFICACIONES TECNICAS - HIDRAL MTH.pdf
Hidral	/Users/edmundofrazao/Codex/autonomous_file_intelligence/runtime/organized_v7/01. Documentacao Tecnica/Sem_Marca/HIDRAL MTH IM-530 - HIDRAL MTH.pdf	/Users/edmundofrazao/Codex/autonomous_file_intelligence/runtime/organized_v7/01. Documentacao Tecnica/Hidral/HIDRAL MTH IM-530 - HIDRAL MTH.pdf
Hidral	/Users/edmundofrazao/Codex/autonomous_file_intelligence/runtime/organized_v7/01. Documentacao Tecnica/Sem_Marca/HIDRAL MTH PS-530 - HIDRAL MTH.pdf	/Users/edmundofrazao/Codex/autonomous_file_intelligence/runtime/organized_v7/01. Documentacao Tecnica/Hidral/HIDRAL MTH PS-530 - HIDRAL MTH.pdf
Hidral	/Users/edmundofrazao/Codex/autonomous_file_intelligence/runtime/organized_v7/01. Documentacao Tecnica/Sem_Marca/HIDRAL PARACAIDAS PH 100_150 - HIDRAL PH.pdf	/Users/edmundofrazao/Codex/autonomous_file_intelligence/runtime/organized_v7/01. Documentacao Tecnica/Hidral/HIDRAL PARACAIDAS PH 100_150 - HIDRAL PH.pdf
Hidral	/Users/edmundofrazao/Codex/autonomous_file_intelligence/runtime/organized_v7/01. Documentacao Tecnica/Sem_Marca/HIDRAL PH IM-4321900 - HIDRAL PH.pdf	/Users/edmundofrazao/Codex/autonomous_file_intelligence/runtime/organized_v7/01. Documentacao Tecnica/Hidral/HIDRAL PH IM-4321900 - HIDRAL PH.pdf
Hidral	/Users/edmundofrazao/Codex/autonomous_file_intelligence/runtime/organized_v7/01. Documentacao Tecnica/Sem_Marca/HIDRAL PH IM-4331900 - HIDRAL PH.pdf	/Users/edmundofrazao/Codex/autonomous_file_intelligence/runtime/organized_v7/01. Documentacao Tecnica/Hidral/HIDRAL PH IM-4331900 - HIDRAL PH.pdf
Hidral	/Users/edmundofrazao/Codex/autonomous_file_intelligence/runtime/organized_v7/01. Documentacao Tecnica/Sem_Marca/HIDRAL PLATAFORMA EH INST USO - HIDRAL EH.pdf	/Users/edmundofrazao/Codex/autonomous_file_intelligence/runtime/organized_v7/01. Documentacao Tecnica/Hidral/HIDRAL PLATAFORMA EH INST USO - HIDRAL EH.pdf
Hidral	/Users/edmundofrazao/Codex/autonomous_file_intelligence/runtime/organized_v7/01. Documentacao Tecnica/Sem_Marca/HIDRAL PLATAFORMA EH-DC - HIDRAL EH.pdf	/Users/edmundofrazao/Codex/autonomous_file_intelligence/runtime/organized_v7/01. Documentacao Tecnica/Hidral/HIDRAL PLATAFORMA EH-DC - HIDRAL EH.pdf
Hidral	/Users/edmundofrazao/Codex/autonomous_file_intelligence/runtime/organized_v7/01. Documentacao Tecnica/Sem_Marca/HIDRAL PLATAFORMA ERMID.pdf	/Users/edmundofrazao/Codex/autonomous_file_intelligence/runtime/organized_v7/01. Documentacao Tecnica/Hidral/HIDRAL PLATAFORMA ERMID.pdf
Hidral	/Users/edmundofrazao/Codex/autonomous_file_intelligence/runtime/organized_v7/01. Documentacao Tecnica/Sem_Marca/HIDRAL PS-360 - HIDRAL.pdf	/Users/edmundofrazao/Codex/autonomous_file_intelligence/runtime/organized_v7/01. Documentacao Tecnica/Hidral/HIDRAL PS-360 - HIDRAL.pdf
Hidral	/Users/edmundofrazao/Codex/autonomous_file_intelligence/runtime/organized_v7/01. Documentacao Tecnica/Sem_Marca/HIDRAL RES-401 - HIDRAL.pdf	/Users/edmundofrazao/Codex/autonomous_file_intelligence/runtime/organized_v7/01. Documentacao Tecnica/Hidral/HIDRAL RES-401 - HIDRAL.pdf
Hidral	/Users/edmundofrazao/Codex/autonomous_file_intelligence/runtime/organized_v7/01. Documentacao Tecnica/Sem_Marca/HIDRAL RES-402 - HIDRAL.pdf	/Users/edmundofrazao/Codex/autonomous_file_intelligence/runtime/organized_v7/01. Documentacao Tecnica/Hidral/HIDRAL RES-402 - HIDRAL.pdf
Hidral	/Users/edmundofrazao/Codex/autonomous_file_intelligence/runtime/organized_v7/01. Documentacao Tecnica/Sem_Marca/HIDRAL RES-450 - HIDRAL.pdf	/Users/edmundofrazao/Codex/autonomous_file_intelligence/runtime/organized_v7/01. Documentacao Tecnica/Hidral/HIDRAL RES-450 - HIDRAL.pdf
Hidral	/Users/edmundofrazao/Codex/autonomous_file_intelligence/runtime/organized_v7/01. Documentacao Tecnica/Sem_Marca/HIDRAL SH IM-525 - HIDRAL SH.pdf	/Users/edmundofrazao/Codex/autonomous_file_intelligence/runtime/organized_v7/01. Documentacao Tecnica/Hidral/HIDRAL SH IM-525 - HIDRAL SH.pdf
Hidral	/Users/edmundofrazao/Codex/autonomous_file_intelligence/runtime/organized_v7/01. Documentacao Tecnica/Sem_Marca/HIDRAL SH, SHV ESPECIFICACIONES TECNICAS - HIDRAL SH.pdf	/Users/edmundofrazao/Codex/autonomous_file_intelligence/runtime/organized_v7/01. Documentacao Tecnica/Hidral/HIDRAL SH, SHV ESPECIFICACIONES TECNICAS - HIDRAL SH.pdf
Hidral	/Users/edmundofrazao/Codex/autonomous_file_intelligence/runtime/organized_v7/01. Documentacao Tecnica/Sem_Marca/HIDRAL SHI IM-520 - HIDRAL SHI.pdf	/Users/edmundofrazao/Codex/autonomous_file_intelligence/runtime/organized_v7/01. Documentacao Tecnica/Hidral/HIDRAL SHI IM-520 - HIDRAL SHI.pdf
Hidral	/Users/edmundofrazao/Codex/autonomous_file_intelligence/runtime/organized_v7/01. Documentacao Tecnica/Sem_Marca/HIDRAL SHV IM-521 - HIDRAL SHV.pdf	/Users/edmundofrazao/Codex/autonomous_file_intelligence/runtime/organized_v7/01. Documentacao Tecnica/Hidral/HIDRAL SHV IM-521 - HIDRAL SHV.pdf
Hidral	/Users/edmundofrazao/Codex/autonomous_file_intelligence/runtime/organized_v7/01. Documentacao Tecnica/Sem_Marca/HIDRAL SHV PS-521 - HIDRAL SHV.pdf	/Users/edmundofrazao/Codex/autonomous_file_intelligence/runtime/organized_v7/01. Documentacao Tecnica/Hidral/HIDRAL SHV PS-521 - HIDRAL SHV.pdf
Hidral	/Users/edmundofrazao/Codex/autonomous_file_intelligence/runtime/organized_v7/01. Documentacao Tecnica/Sem_Marca/HIDRAL ST614_01 - HIDRAL.pdf	/Users/edmundofrazao/Codex/autonomous_file_intelligence/runtime/organized_v7/01. Documentacao Tecnica/Hidral/HIDRAL ST614_01 - HIDRAL.pdf
Hidral	/Users/edmundofrazao/Codex/autonomous_file_intelligence/runtime/organized_v7/01. Documentacao Tecnica/Sem_Marca/HIDRAL THX IM-360 - HIDRAL TX.pdf	/Users/edmundofrazao/Codex/autonomous_file_intelligence/runtime/organized_v7/01. Documentacao Tecnica/Hidral/HIDRAL THX IM-360 - HIDRAL TX.pdf
Hidral	/Users/edmundofrazao/Codex/autonomous_file_intelligence/runtime/organized_v7/01. Documentacao Tecnica/Sem_Marca/HIDRAL THX IU-360 - HIDRAL THX.pdf	/Users/edmundofrazao/Codex/autonomous_file_intelligence/runtime/organized_v7/01. Documentacao Tecnica/Hidral/HIDRAL THX IU-360 - HIDRAL THX.pdf
Hidral	/Users/edmundofrazao/Codex/autonomous_file_intelligence/runtime/organized_v7/01. Documentacao Tecnica/Sem_Marca/HIDRAL THX M-360 - HIDRAL THX.pdf	/Users/edmundofrazao/Codex/autonomous_file_intelligence/runtime/organized_v7/01. Documentacao Tecnica/Hidral/HIDRAL THX M-360 - HIDRAL THX.pdf
Hidral	/Users/edmundofrazao/Codex/autonomous_file_intelligence/runtime/organized_v7/01. Documentacao Tecnica/Sem_Marca/HIDRAL THX, THXX ESPECIFICACIONES TECNIC - HIDRAL THX.pdf	/Users/edmundofrazao/Codex/autonomous_file_intelligence/runtime/organized_v7/01. Documentacao Tecnica/Hidral/HIDRAL THX, THXX ESPECIFICACIONES TECNIC - HIDRAL THX.pdf
Hidral	/Users/edmundofrazao/Codex/autonomous_file_intelligence/runtime/organized_v7/01. Documentacao Tecnica/Sem_Marca/HIDRAL UH ESPECIFICACIONES TECNICAS - HIDRAL UH.pdf	/Users/edmundofrazao/Codex/autonomous_file_intelligence/runtime/organized_v7/01. Documentacao Tecnica/Hidral/HIDRAL UH ESPECIFICACIONES TECNICAS - HIDRAL UH.pdf
Hidral	/Users/edmundofrazao/Codex/autonomous_file_intelligence/runtime/organized_v7/01. Documentacao Tecnica/Sem_Marca/HIDRAL UH IM-401 - HIDRAL UH.pdf	/Users/edmundofrazao/Codex/autonomous_file_intelligence/runtime/organized_v7/01. Documentacao Tecnica/Hidral/HIDRAL UH IM-401 - HIDRAL UH.pdf
Hidral	/Users/edmundofrazao/Codex/autonomous_file_intelligence/runtime/organized_v7/01. Documentacao Tecnica/Sem_Marca/HIDRAL UH IU-401 - HIDRAL UH.pdf	/Users/edmundofrazao/Codex/autonomous_file_intelligence/runtime/organized_v7/01. Documentacao Tecnica/Hidral/HIDRAL UH IU-401 - HIDRAL UH.pdf
Hidral	/Users/edmundofrazao/Codex/autonomous_file_intelligence/runtime/organized_v7/01. Documentacao Tecnica/Sem_Marca/HIDRAL UH M-401 - HIDRAL UH.pdf	/Users/edmundofrazao/Codex/autonomous_file_intelligence/runtime/organized_v7/01. Documentacao Tecnica/Hidral/HIDRAL UH M-401 - HIDRAL UH.pdf
Hidral	/Users/edmundofrazao/Codex/autonomous_file_intelligence/runtime/organized_v7/01. Documentacao Tecnica/Sem_Marca/HIDRAL UH PS-401 - HIDRAL UH.pdf	/Users/edmundofrazao/Codex/autonomous_file_intelligence/runtime/organized_v7/01. Documentacao Tecnica/Hidral/HIDRAL UH PS-401 - HIDRAL UH.pdf
Hidral	/Users/edmundofrazao/Codex/autonomous_file_intelligence/runtime/organized_v7/01. Documentacao Tecnica/Sem_Marca/HIDRL ASCENSOR UNIFAMILIAR UH REPUESTOS - HIDRAL UH.pdf	/Users/edmundofrazao/Codex/autonomous_file_intelligence/runtime/organized_v7/01. Documentacao Tecnica/Hidral/HIDRL ASCENSOR UNIFAMILIAR UH REPUESTOS - HIDRAL UH.pdf
Hidral	/Users/edmundofrazao/Codex/autonomous_file_intelligence/runtime/organized_v7/01. Documentacao Tecnica/Sem_Marca/HIDRLA MC QH INF HUECO - HIDRAL MC QH.pdf	/Users/edmundofrazao/Codex/autonomous_file_intelligence/runtime/organized_v7/01. Documentacao Tecnica/Hidral/HIDRLA MC QH INF HUECO - HIDRAL MC QH.pdf
Hidral	/Users/edmundofrazao/Codex/autonomous_file_intelligence/runtime/organized_v7/01. Documentacao Tecnica/Sem_Marca/Hidral Monta Cargas.PDF	/Users/edmundofrazao/Codex/autonomous_file_intelligence/runtime/organized_v7/01. Documentacao Tecnica/Hidral/Hidral Monta Cargas.PDF
FAIN	/Users/edmundofrazao/Codex/autonomous_file_intelligence/runtime/organized_v7/01. Documentacao Tecnica/Sem_Marca/MANDOS A DISTANCIA - FAIN.pdf	/Users/edmundofrazao/Codex/autonomous_file_intelligence/runtime/organized_v7/01. Documentacao Tecnica/FAIN/MANDOS A DISTANCIA - FAIN.pdf
CTA	/Users/edmundofrazao/Codex/autonomous_file_intelligence/runtime/organized_v7/01. Documentacao Tecnica/Sem_Marca/MF-01 CONFIGURACION - CTA MF 01.pdf	/Users/edmundofrazao/Codex/autonomous_file_intelligence/runtime/organized_v7/01. Documentacao Tecnica/CTA/MF-01 CONFIGURACION - CTA MF 01.pdf
MacPuarsa	/Users/edmundofrazao/Codex/autonomous_file_intelligence/runtime/organized_v7/01. Documentacao Tecnica/Sem_Marca/MP 3VFMAC1 V 3 ESP - MP 3VF.pdf	/Users/edmundofrazao/Codex/autonomous_file_intelligence/runtime/organized_v7/01. Documentacao Tecnica/MacPuarsa/MP 3VFMAC1 V 3 ESP - MP 3VF.pdf
MacPuarsa	/Users/edmundofrazao/Codex/autonomous_file_intelligence/runtime/organized_v7/01. Documentacao Tecnica/Sem_Marca/MP 3VFMAC1 V1.10 - MP 3VF.pdf	/Users/edmundofrazao/Codex/autonomous_file_intelligence/runtime/organized_v7/01. Documentacao Tecnica/MacPuarsa/MP 3VFMAC1 V1.10 - MP 3VF.pdf
MacPuarsa	/Users/edmundofrazao/Codex/autonomous_file_intelligence/runtime/organized_v7/01. Documentacao Tecnica/Sem_Marca/MP CENTRAL HY OLIFT - MP HY.pdf	/Users/edmundofrazao/Codex/autonomous_file_intelligence/runtime/organized_v7/01. Documentacao Tecnica/MacPuarsa/MP CENTRAL HY OLIFT - MP HY.pdf
MacPuarsa	/Users/edmundofrazao/Codex/autonomous_file_intelligence/runtime/organized_v7/01. Documentacao Tecnica/Sem_Marca/MP CURSO ASC - MP.pdf	/Users/edmundofrazao/Codex/autonomous_file_intelligence/runtime/organized_v7/01. Documentacao Tecnica/MacPuarsa/MP CURSO ASC - MP.pdf
MacPuarsa	/Users/edmundofrazao/Codex/autonomous_file_intelligence/runtime/organized_v7/01. Documentacao Tecnica/Sem_Marca/MP FONOMAC TELEALARMA - MP FONO.pdf	/Users/edmundofrazao/Codex/autonomous_file_intelligence/runtime/organized_v7/01. Documentacao Tecnica/MacPuarsa/MP FONOMAC TELEALARMA - MP FONO.pdf
MacPuarsa	/Users/edmundofrazao/Codex/autonomous_file_intelligence/runtime/organized_v7/01. Documentacao Tecnica/Sem_Marca/MP FONOTEC II TELEALARMA INST - MP FONO.pdf	/Users/edmundofrazao/Codex/autonomous_file_intelligence/runtime/organized_v7/01. Documentacao Tecnica/MacPuarsa/MP FONOTEC II TELEALARMA INST - MP FONO.pdf
MacPuarsa	/Users/edmundofrazao/Codex/autonomous_file_intelligence/runtime/organized_v7/01. Documentacao Tecnica/Sem_Marca/MP HIDRAULICO CENTRAL 1,25 - MP HY.pdf	/Users/edmundofrazao/Codex/autonomous_file_intelligence/runtime/organized_v7/01. Documentacao Tecnica/MacPuarsa/MP HIDRAULICO CENTRAL 1,25 - MP HY.pdf
MacPuarsa	/Users/edmundofrazao/Codex/autonomous_file_intelligence/runtime/organized_v7/01. Documentacao Tecnica/Sem_Marca/MP HIDRAULICO MONTAJE CILINDRO PRESENTAC - MP HY.ppt	/Users/edmundofrazao/Codex/autonomous_file_intelligence/runtime/organized_v7/01. Documentacao Tecnica/MacPuarsa/MP HIDRAULICO MONTAJE CILINDRO PRESENTAC - MP HY.ppt
MacPuarsa	/Users/edmundofrazao/Codex/autonomous_file_intelligence/runtime/organized_v7/01. Documentacao Tecnica/Sem_Marca/MP HIDRAULICO VALVULA PARACAIDAS - MP HY.pdf	/Users/edmundofrazao/Codex/autonomous_file_intelligence/runtime/organized_v7/01. Documentacao Tecnica/MacPuarsa/MP HIDRAULICO VALVULA PARACAIDAS - MP HY.pdf
MacPuarsa	/Users/edmundofrazao/Codex/autonomous_file_intelligence/runtime/organized_v7/01. Documentacao Tecnica/Sem_Marca/MP INTERRUPTORE MAGNETICOS SERIE 320 - MP.pdf	/Users/edmundofrazao/Codex/autonomous_file_intelligence/runtime/organized_v7/01. Documentacao Tecnica/MacPuarsa/MP INTERRUPTORE MAGNETICOS SERIE 320 - MP.pdf
MacPuarsa	/Users/edmundofrazao/Codex/autonomous_file_intelligence/runtime/organized_v7/01. Documentacao Tecnica/Sem_Marca/MP M 5000 FOTO 1 - MP M 5000.jpg	/Users/edmundofrazao/Codex/autonomous_file_intelligence/runtime/organized_v7/01. Documentacao Tecnica/MacPuarsa/MP M 5000 FOTO 1 - MP M 5000.jpg
MacPuarsa	/Users/edmundofrazao/Codex/autonomous_file_intelligence/runtime/organized_v7/01. Documentacao Tecnica/Sem_Marca/MP M 5000 FOTO 2 - MP M 5000.jpg	/Users/edmundofrazao/Codex/autonomous_file_intelligence/runtime/organized_v7/01. Documentacao Tecnica/MacPuarsa/MP M 5000 FOTO 2 - MP M 5000.jpg
MacPuarsa	/Users/edmundofrazao/Codex/autonomous_file_intelligence/runtime/organized_v7/01. Documentacao Tecnica/Sem_Marca/MP MICROBASIC AMPLIACION AMB1 AMB2 V2 - MP MICROBASIC.pdf	/Users/edmundofrazao/Codex/autonomous_file_intelligence/runtime/organized_v7/01. Documentacao Tecnica/MacPuarsa/MP MICROBASIC AMPLIACION AMB1 AMB2 V2 - MP MICROBASIC.pdf
MacPuarsa	/Users/edmundofrazao/Codex/autonomous_file_intelligence/runtime/organized_v7/01. Documentacao Tecnica/Sem_Marca/MP MICROBASIC PLACA DE CONTROL V2 - MP MICROBASIC.pdf	/Users/edmundofrazao/Codex/autonomous_file_intelligence/runtime/organized_v7/01. Documentacao Tecnica/MacPuarsa/MP MICROBASIC PLACA DE CONTROL V2 - MP MICROBASIC.pdf
MacPuarsa	/Users/edmundofrazao/Codex/autonomous_file_intelligence/runtime/organized_v7/01. Documentacao Tecnica/Sem_Marca/MP MICROBASIC PRIMA FOTO - MP MICROBASIC.jpg	/Users/edmundofrazao/Codex/autonomous_file_intelligence/runtime/organized_v7/01. Documentacao Tecnica/MacPuarsa/MP MICROBASIC PRIMA FOTO - MP MICROBASIC.jpg
MacPuarsa	/Users/edmundofrazao/Codex/autonomous_file_intelligence/runtime/organized_v7/01. Documentacao Tecnica/Sem_Marca/MP MICROBASIC SCM V1.21 - MP MICROBASIC.pdf	/Users/edmundofrazao/Codex/autonomous_file_intelligence/runtime/organized_v7/01. Documentacao Tecnica/MacPuarsa/MP MICROBASIC SCM V1.21 - MP MICROBASIC.pdf
MacPuarsa	/Users/edmundofrazao/Codex/autonomous_file_intelligence/runtime/organized_v7/01. Documentacao Tecnica/Sem_Marca/MP MICROBASIC V 1.0 - MP MICROBASIC.pdf	/Users/edmundofrazao/Codex/autonomous_file_intelligence/runtime/organized_v7/01. Documentacao Tecnica/MacPuarsa/MP MICROBASIC V 1.0 - MP MICROBASIC.pdf
MacPuarsa	/Users/edmundofrazao/Codex/autonomous_file_intelligence/runtime/organized_v7/01. Documentacao Tecnica/Sem_Marca/MP MICROBASIC V 1.1 - MP MICROBASIC.pdf	/Users/edmundofrazao/Codex/autonomous_file_intelligence/runtime/organized_v7/01. Documentacao Tecnica/MacPuarsa/MP MICROBASIC V 1.1 - MP MICROBASIC.pdf
MacPuarsa	/Users/edmundofrazao/Codex/autonomous_file_intelligence/runtime/organized_v7/01. Documentacao Tecnica/Sem_Marca/MP MICROBASIC V 10.10.94 1 - MP MICROBASIC.pdf	/Users/edmundofrazao/Codex/autonomous_file_intelligence/runtime/organized_v7/01. Documentacao Tecnica/MacPuarsa/MP MICROBASIC V 10.10.94 1 - MP MICROBASIC.pdf
MacPuarsa	/Users/edmundofrazao/Codex/autonomous_file_intelligence/runtime/organized_v7/01. Documentacao Tecnica/Sem_Marca/MP MICROBASIC V 10.10.94 2 - MP MICROBASIC.pdf	/Users/edmundofrazao/Codex/autonomous_file_intelligence/runtime/organized_v7/01. Documentacao Tecnica/MacPuarsa/MP MICROBASIC V 10.10.94 2 - MP MICROBASIC.pdf
MacPuarsa	/Users/edmundofrazao/Codex/autonomous_file_intelligence/runtime/organized_v7/01. Documentacao Tecnica/Sem_Marca/MP MICROBASIC V 2.1 - MP MICROBASIC.pdf	/Users/edmundofrazao/Codex/autonomous_file_intelligence/runtime/organized_v7/01. Documentacao Tecnica/MacPuarsa/MP MICROBASIC V 2.1 - MP MICROBASIC.pdf
MacPuarsa	/Users/edmundofrazao/Codex/autonomous_file_intelligence/runtime/organized_v7/01. Documentacao Tecnica/Sem_Marca/MP MICROBASIC V1 - MP MICROBASIC.pdf	/Users/edmundofrazao/Codex/autonomous_file_intelligence/runtime/organized_v7/01. Documentacao Tecnica/MacPuarsa/MP MICROBASIC V1 - MP MICROBASIC.pdf
MacPuarsa	/Users/edmundofrazao/Codex/autonomous_file_intelligence/runtime/organized_v7/01. Documentacao Tecnica/Sem_Marca/MP MICROBASIC V1 - MP MICROBASIC__dup1.pdf	/Users/edmundofrazao/Codex/autonomous_file_intelligence/runtime/organized_v7/01. Documentacao Tecnica/MacPuarsa/MP MICROBASIC V1 - MP MICROBASIC__dup1.pdf
MacPuarsa	/Users/edmundofrazao/Codex/autonomous_file_intelligence/runtime/organized_v7/01. Documentacao Tecnica/Sem_Marca/MP MICROSIMPLEX PARAMETROS OMRON - MP MICROSIMPLEX.pdf	/Users/edmundofrazao/Codex/autonomous_file_intelligence/runtime/organized_v7/01. Documentacao Tecnica/MacPuarsa/MP MICROSIMPLEX PARAMETROS OMRON - MP MICROSIMPLEX.pdf
MacPuarsa	/Users/edmundofrazao/Codex/autonomous_file_intelligence/runtime/organized_v7/01. Documentacao Tecnica/Sem_Marca/MP OMRON 3G3IV CONFIG MICROSIMPLEX y MIC - MP.pdf	/Users/edmundofrazao/Codex/autonomous_file_intelligence/runtime/organized_v7/01. Documentacao Tecnica/MacPuarsa/MP OMRON 3G3IV CONFIG MICROSIMPLEX y MIC - MP.pdf
MacPuarsa	/Users/edmundofrazao/Codex/autonomous_file_intelligence/runtime/organized_v7/01. Documentacao Tecnica/Sem_Marca/MP OMRON_3G3FV_V2.02 - MP 3G3.pdf	/Users/edmundofrazao/Codex/autonomous_file_intelligence/runtime/organized_v7/01. Documentacao Tecnica/MacPuarsa/MP OMRON_3G3FV_V2.02 - MP 3G3.pdf
MacPuarsa	/Users/edmundofrazao/Codex/autonomous_file_intelligence/runtime/organized_v7/01. Documentacao Tecnica/Sem_Marca/MP OP 3VF PTAS CAB 3VF REVECO - MP 3VF REBECO.pdf	/Users/edmundofrazao/Codex/autonomous_file_intelligence/runtime/organized_v7/01. Documentacao Tecnica/MacPuarsa/MP OP 3VF PTAS CAB 3VF REVECO - MP 3VF REBECO.pdf
MacPuarsa	/Users/edmundofrazao/Codex/autonomous_file_intelligence/runtime/organized_v7/01. Documentacao Tecnica/Sem_Marca/MP OP PTAS  CAB REVECO GO T2 - MP 3VF REBECO.pdf	/Users/edmundofrazao/Codex/autonomous_file_intelligence/runtime/organized_v7/01. Documentacao Tecnica/MacPuarsa/MP OP PTAS  CAB REVECO GO T2 - MP 3VF REBECO.pdf
MacPuarsa	/Users/edmundofrazao/Codex/autonomous_file_intelligence/runtime/organized_v7/01. Documentacao Tecnica/Sem_Marca/MP OP PTAS CAB 3VF REVECO V0.0 - MP 3VF REBECO.pdf	/Users/edmundofrazao/Codex/autonomous_file_intelligence/runtime/organized_v7/01. Documentacao Tecnica/MacPuarsa/MP OP PTAS CAB 3VF REVECO V0.0 - MP 3VF REBECO.pdf
MacPuarsa	/Users/edmundofrazao/Codex/autonomous_file_intelligence/runtime/organized_v7/01. Documentacao Tecnica/Sem_Marca/MP OP PTAS CAB AC DC 2T - MP.pdf	/Users/edmundofrazao/Codex/autonomous_file_intelligence/runtime/organized_v7/01. Documentacao Tecnica/MacPuarsa/MP OP PTAS CAB AC DC 2T - MP.pdf
MacPuarsa	/Users/edmundofrazao/Codex/autonomous_file_intelligence/runtime/organized_v7/01. Documentacao Tecnica/Sem_Marca/MP OP PTAS CAB REVECO 2C - MP 3VF REBECO.pdf	/Users/edmundofrazao/Codex/autonomous_file_intelligence/runtime/organized_v7/01. Documentacao Tecnica/MacPuarsa/MP OP PTAS CAB REVECO 2C - MP 3VF REBECO.pdf
MacPuarsa	/Users/edmundofrazao/Codex/autonomous_file_intelligence/runtime/organized_v7/01. Documentacao Tecnica/Sem_Marca/MP OP PTAS CAB REVECO 2T - MP 3VF REBECO.pdf	/Users/edmundofrazao/Codex/autonomous_file_intelligence/runtime/organized_v7/01. Documentacao Tecnica/MacPuarsa/MP OP PTAS CAB REVECO 2T - MP 3VF REBECO.pdf
MacPuarsa	/Users/edmundofrazao/Codex/autonomous_file_intelligence/runtime/organized_v7/01. Documentacao Tecnica/Sem_Marca/MP OP PTAS CAB REVECO II 2C - MP 3VF REBECO.pdf	/Users/edmundofrazao/Codex/autonomous_file_intelligence/runtime/organized_v7/01. Documentacao Tecnica/MacPuarsa/MP OP PTAS CAB REVECO II 2C - MP 3VF REBECO.pdf
MacPuarsa	/Users/edmundofrazao/Codex/autonomous_file_intelligence/runtime/organized_v7/01. Documentacao Tecnica/Sem_Marca/MP OP PTAS CAB REVECO II 2T - MP 3VF REBECO.pdf	/Users/edmundofrazao/Codex/autonomous_file_intelligence/runtime/organized_v7/01. Documentacao Tecnica/MacPuarsa/MP OP PTAS CAB REVECO II 2T - MP 3VF REBECO.pdf
MacPuarsa	/Users/edmundofrazao/Codex/autonomous_file_intelligence/runtime/organized_v7/01. Documentacao Tecnica/Sem_Marca/MP OP PTAS CAB REVECO II 3T - MP 3VF REVECO.pdf	/Users/edmundofrazao/Codex/autonomous_file_intelligence/runtime/organized_v7/01. Documentacao Tecnica/MacPuarsa/MP OP PTAS CAB REVECO II 3T - MP 3VF REVECO.pdf
MacPuarsa	/Users/edmundofrazao/Codex/autonomous_file_intelligence/runtime/organized_v7/01. Documentacao Tecnica/Sem_Marca/MP OP PTAS CAB REVECO II 4C - MP 3VF REBECO.pdf	/Users/edmundofrazao/Codex/autonomous_file_intelligence/runtime/organized_v7/01. Documentacao Tecnica/MacPuarsa/MP OP PTAS CAB REVECO II 4C - MP 3VF REBECO.pdf
MacPuarsa	/Users/edmundofrazao/Codex/autonomous_file_intelligence/runtime/organized_v7/01. Documentacao Tecnica/Sem_Marca/MP OP PTAS SUSTITUCION REVECO POR REVECO - MP REVECO.pdf	/Users/edmundofrazao/Codex/autonomous_file_intelligence/runtime/organized_v7/01. Documentacao Tecnica/MacPuarsa/MP OP PTAS SUSTITUCION REVECO POR REVECO - MP REVECO.pdf
MacPuarsa	/Users/edmundofrazao/Codex/autonomous_file_intelligence/runtime/organized_v7/01. Documentacao Tecnica/Sem_Marca/MP POWER UNIT - MP HY.ppt	/Users/edmundofrazao/Codex/autonomous_file_intelligence/runtime/organized_v7/01. Documentacao Tecnica/MacPuarsa/MP POWER UNIT - MP HY.ppt
MacPuarsa	/Users/edmundofrazao/Codex/autonomous_file_intelligence/runtime/organized_v7/01. Documentacao Tecnica/Sem_Marca/MP RESCATA MAC 30 V 3 ENG - MP MAC 30.pdf	/Users/edmundofrazao/Codex/autonomous_file_intelligence/runtime/organized_v7/01. Documentacao Tecnica/MacPuarsa/MP RESCATA MAC 30 V 3 ENG - MP MAC 30.pdf
MacPuarsa	/Users/edmundofrazao/Codex/autonomous_file_intelligence/runtime/organized_v7/01. Documentacao Tecnica/Sem_Marca/MP SELECTOR ELECTRONICO - MP.pdf	/Users/edmundofrazao/Codex/autonomous_file_intelligence/runtime/organized_v7/01. Documentacao Tecnica/MacPuarsa/MP SELECTOR ELECTRONICO - MP.pdf
MacPuarsa	/Users/edmundofrazao/Codex/autonomous_file_intelligence/runtime/organized_v7/01. Documentacao Tecnica/Sem_Marca/MP SERIE 5000 - MP SERIE 5000.pdf	/Users/edmundofrazao/Codex/autonomous_file_intelligence/runtime/organized_v7/01. Documentacao Tecnica/MacPuarsa/MP SERIE 5000 - MP SERIE 5000.pdf
MacPuarsa	/Users/edmundofrazao/Codex/autonomous_file_intelligence/runtime/organized_v7/01. Documentacao Tecnica/Sem_Marca/MP SERIE 5000 V2 - MP SERIE 5000.pdf	/Users/edmundofrazao/Codex/autonomous_file_intelligence/runtime/organized_v7/01. Documentacao Tecnica/MacPuarsa/MP SERIE 5000 V2 - MP SERIE 5000.pdf
MacPuarsa	/Users/edmundofrazao/Codex/autonomous_file_intelligence/runtime/organized_v7/01. Documentacao Tecnica/Sem_Marca/MP SERIE 5000 V2.01 - MP SERIE 5000.pdf	/Users/edmundofrazao/Codex/autonomous_file_intelligence/runtime/organized_v7/01. Documentacao Tecnica/MacPuarsa/MP SERIE 5000 V2.01 - MP SERIE 5000.pdf
MacPuarsa	/Users/edmundofrazao/Codex/autonomous_file_intelligence/runtime/organized_v7/01. Documentacao Tecnica/Sem_Marca/MP SIMULACION HY - MP.zip	/Users/edmundofrazao/Codex/autonomous_file_intelligence/runtime/organized_v7/01. Documentacao Tecnica/MacPuarsa/MP SIMULACION HY - MP.zip
MacPuarsa	/Users/edmundofrazao/Codex/autonomous_file_intelligence/runtime/organized_v7/01. Documentacao Tecnica/Sem_Marca/MP SW FONOMAC II - MP FONO.zip	/Users/edmundofrazao/Codex/autonomous_file_intelligence/runtime/organized_v7/01. Documentacao Tecnica/MacPuarsa/MP SW FONOMAC II - MP FONO.zip
MacPuarsa	/Users/edmundofrazao/Codex/autonomous_file_intelligence/runtime/organized_v7/01. Documentacao Tecnica/Sem_Marca/MP VALVULA PARACAIDAS PRESENTACION - MP HY.ppt	/Users/edmundofrazao/Codex/autonomous_file_intelligence/runtime/organized_v7/01. Documentacao Tecnica/MacPuarsa/MP VALVULA PARACAIDAS PRESENTACION - MP HY.ppt
MacPuarsa	/Users/edmundofrazao/Codex/autonomous_file_intelligence/runtime/organized_v7/01. Documentacao Tecnica/Sem_Marca/MP VIA SERIE 8.5 FOTO - MP VIA SERIE.jpg	/Users/edmundofrazao/Codex/autonomous_file_intelligence/runtime/organized_v7/01. Documentacao Tecnica/MacPuarsa/MP VIA SERIE 8.5 FOTO - MP VIA SERIE.jpg
MacPuarsa	/Users/edmundofrazao/Codex/autonomous_file_intelligence/runtime/organized_v7/01. Documentacao Tecnica/Sem_Marca/MP VIA SERIE V1.02 - MP VIA SERIE.pdf	/Users/edmundofrazao/Codex/autonomous_file_intelligence/runtime/organized_v7/01. Documentacao Tecnica/MacPuarsa/MP VIA SERIE V1.02 - MP VIA SERIE.pdf
MacPuarsa	/Users/edmundofrazao/Codex/autonomous_file_intelligence/runtime/organized_v7/01. Documentacao Tecnica/Sem_Marca/MP_MRL Contents3.doc	/Users/edmundofrazao/Codex/autonomous_file_intelligence/runtime/organized_v7/01. Documentacao Tecnica/MacPuarsa/MP_MRL Contents3.doc
MacPuarsa	/Users/edmundofrazao/Codex/autonomous_file_intelligence/runtime/organized_v7/01. Documentacao Tecnica/Sem_Marca/MP_MRL Cover.doc	/Users/edmundofrazao/Codex/autonomous_file_intelligence/runtime/organized_v7/01. Documentacao Tecnica/MacPuarsa/MP_MRL Cover.doc
MacPuarsa	/Users/edmundofrazao/Codex/autonomous_file_intelligence/runtime/organized_v7/01. Documentacao Tecnica/Sem_Marca/MP_MRL ManRcpt.doc	/Users/edmundofrazao/Codex/autonomous_file_intelligence/runtime/organized_v7/01. Documentacao Tecnica/MacPuarsa/MP_MRL ManRcpt.doc
MacPuarsa	/Users/edmundofrazao/Codex/autonomous_file_intelligence/runtime/organized_v7/01. Documentacao Tecnica/Sem_Marca/MP__MICROSIMPLEX__V.1.00.pdf	/Users/edmundofrazao/Codex/autonomous_file_intelligence/runtime/organized_v7/01. Documentacao Tecnica/MacPuarsa/MP__MICROSIMPLEX__V.1.00.pdf
MacPuarsa	/Users/edmundofrazao/Codex/autonomous_file_intelligence/runtime/organized_v7/01. Documentacao Tecnica/Sem_Marca/MP__MICROSIMPLEX__V.2.00.pdf	/Users/edmundofrazao/Codex/autonomous_file_intelligence/runtime/organized_v7/01. Documentacao Tecnica/MacPuarsa/MP__MICROSIMPLEX__V.2.00.pdf
MacPuarsa	/Users/edmundofrazao/Codex/autonomous_file_intelligence/runtime/organized_v7/01. Documentacao Tecnica/Sem_Marca/Mp Prima Mods 2.pdf	/Users/edmundofrazao/Codex/autonomous_file_intelligence/runtime/organized_v7/01. Documentacao Tecnica/MacPuarsa/Mp Prima Mods 2.pdf
MacPuarsa	/Users/edmundofrazao/Codex/autonomous_file_intelligence/runtime/organized_v7/01. Documentacao Tecnica/Sem_Marca/Mp Prima Mods 2.xls	/Users/edmundofrazao/Codex/autonomous_file_intelligence/runtime/organized_v7/01. Documentacao Tecnica/MacPuarsa/Mp Prima Mods 2.xls
MacPuarsa	/Users/edmundofrazao/Codex/autonomous_file_intelligence/runtime/organized_v7/01. Documentacao Tecnica/Sem_Marca/PUARSA - B.F.E Hidraulico.PDF	/Users/edmundofrazao/Codex/autonomous_file_intelligence/runtime/organized_v7/01. Documentacao Tecnica/MacPuarsa/PUARSA - B.F.E Hidraulico.PDF
MacPuarsa	/Users/edmundofrazao/Codex/autonomous_file_intelligence/runtime/organized_v7/01. Documentacao Tecnica/Sem_Marca/PUARSA - Normas de Montagem -Parte Electrica.PDF	/Users/edmundofrazao/Codex/autonomous_file_intelligence/runtime/organized_v7/01. Documentacao Tecnica/MacPuarsa/PUARSA - Normas de Montagem -Parte Electrica.PDF
MacPuarsa	/Users/edmundofrazao/Codex/autonomous_file_intelligence/runtime/organized_v7/01. Documentacao Tecnica/Sem_Marca/PUARSA(AV. MARCHAL CARMONA,6 CASCAIS).pdf	/Users/edmundofrazao/Codex/autonomous_file_intelligence/runtime/organized_v7/01. Documentacao Tecnica/MacPuarsa/PUARSA(AV. MARCHAL CARMONA,6 CASCAIS).pdf
CTA	/Users/edmundofrazao/Codex/autonomous_file_intelligence/runtime/organized_v7/01. Documentacao Tecnica/Sem_Marca/SIMULADOR PC CONSOLA CTA - CTA CONSOLA.rar	/Users/edmundofrazao/Codex/autonomous_file_intelligence/runtime/organized_v7/01. Documentacao Tecnica/CTA/SIMULADOR PC CONSOLA CTA - CTA CONSOLA.rar
MacPuarsa	/Users/edmundofrazao/Codex/autonomous_file_intelligence/runtime/organized_v7/01. Documentacao Tecnica/Sem_Marca/ecogo_1_0_240215_150218_240215_215105.pdf	/Users/edmundofrazao/Codex/autonomous_file_intelligence/runtime/organized_v7/01. Documentacao Tecnica/MacPuarsa/ecogo_1_0_240215_150218_240215_215105.pdf
Hidral	/Users/edmundofrazao/Codex/autonomous_file_intelligence/runtime/organized_v7/01. Documentacao Tecnica/Sem_Marca/hidral uh.2jpg.jpg	/Users/edmundofrazao/Codex/autonomous_file_intelligence/runtime/organized_v7/01. Documentacao Tecnica/Hidral/hidral uh.2jpg.jpg
Hidral	/Users/edmundofrazao/Codex/autonomous_file_intelligence/runtime/organized_v7/01. Documentacao Tecnica/Sem_Marca/hidral uh.3jpg.jpg	/Users/edmundofrazao/Codex/autonomous_file_intelligence/runtime/organized_v7/01. Documentacao Tecnica/Hidral/hidral uh.3jpg.jpg
MacPuarsa	/Users/edmundofrazao/Codex/autonomous_file_intelligence/runtime/organized_v7/01. Documentacao Tecnica/Sem_Marca/mac puarsa cablagem 001.jpg	/Users/edmundofrazao/Codex/autonomous_file_intelligence/runtime/organized_v7/01. Documentacao Tecnica/MacPuarsa/mac puarsa cablagem 001.jpg
MacPuarsa	/Users/edmundofrazao/Codex/autonomous_file_intelligence/runtime/organized_v7/01. Documentacao Tecnica/Sem_Marca/mac puarsa cablagem 002.jpg	/Users/edmundofrazao/Codex/autonomous_file_intelligence/runtime/organized_v7/01. Documentacao Tecnica/MacPuarsa/mac puarsa cablagem 002.jpg
MacPuarsa	/Users/edmundofrazao/Codex/autonomous_file_intelligence/runtime/organized_v7/01. Documentacao Tecnica/Sem_Marca/mac puarsa cablagem 003.jpg	/Users/edmundofrazao/Codex/autonomous_file_intelligence/runtime/organized_v7/01. Documentacao Tecnica/MacPuarsa/mac puarsa cablagem 003.jpg
MacPuarsa	/Users/edmundofrazao/Codex/autonomous_file_intelligence/runtime/organized_v7/01. Documentacao Tecnica/Sem_Marca/mac puarsa cablagem 004.jpg	/Users/edmundofrazao/Codex/autonomous_file_intelligence/runtime/organized_v7/01. Documentacao Tecnica/MacPuarsa/mac puarsa cablagem 004.jpg
MacPuarsa	/Users/edmundofrazao/Codex/autonomous_file_intelligence/runtime/organized_v7/01. Documentacao Tecnica/Sem_Marca/mac puarsa cablagem 005.jpg	/Users/edmundofrazao/Codex/autonomous_file_intelligence/runtime/organized_v7/01. Documentacao Tecnica/MacPuarsa/mac puarsa cablagem 005.jpg
MacPuarsa	/Users/edmundofrazao/Codex/autonomous_file_intelligence/runtime/organized_v7/01. Documentacao Tecnica/Sem_Marca/mac puarsa cablagem 006.jpg	/Users/edmundofrazao/Codex/autonomous_file_intelligence/runtime/organized_v7/01. Documentacao Tecnica/MacPuarsa/mac puarsa cablagem 006.jpg
MacPuarsa	/Users/edmundofrazao/Codex/autonomous_file_intelligence/runtime/organized_v7/01. Documentacao Tecnica/Sem_Marca/mac puarsa cablagem 007.jpg	/Users/edmundofrazao/Codex/autonomous_file_intelligence/runtime/organized_v7/01. Documentacao Tecnica/MacPuarsa/mac puarsa cablagem 007.jpg
MacPuarsa	/Users/edmundofrazao/Codex/autonomous_file_intelligence/runtime/organized_v7/01. Documentacao Tecnica/Sem_Marca/mac puarsa cablagem 008.jpg	/Users/edmundofrazao/Codex/autonomous_file_intelligence/runtime/organized_v7/01. Documentacao Tecnica/MacPuarsa/mac puarsa cablagem 008.jpg
MacPuarsa	/Users/edmundofrazao/Codex/autonomous_file_intelligence/runtime/organized_v7/01. Documentacao Tecnica/Sem_Marca/mac puarsa cablagem 009.jpg	/Users/edmundofrazao/Codex/autonomous_file_intelligence/runtime/organized_v7/01. Documentacao Tecnica/MacPuarsa/mac puarsa cablagem 009.jpg
MacPuarsa	/Users/edmundofrazao/Codex/autonomous_file_intelligence/runtime/organized_v7/01. Documentacao Tecnica/Sem_Marca/mac puarsa cablagem 010.jpg	/Users/edmundofrazao/Codex/autonomous_file_intelligence/runtime/organized_v7/01. Documentacao Tecnica/MacPuarsa/mac puarsa cablagem 010.jpg
MacPuarsa	/Users/edmundofrazao/Codex/autonomous_file_intelligence/runtime/organized_v7/01. Documentacao Tecnica/Sem_Marca/mac puarsa cablagem 011.jpg	/Users/edmundofrazao/Codex/autonomous_file_intelligence/runtime/organized_v7/01. Documentacao Tecnica/MacPuarsa/mac puarsa cablagem 011.jpg
MacPuarsa	/Users/edmundofrazao/Codex/autonomous_file_intelligence/runtime/organized_v7/01. Documentacao Tecnica/Sem_Marca/mac puarsa cablagem 012.jpg	/Users/edmundofrazao/Codex/autonomous_file_intelligence/runtime/organized_v7/01. Documentacao Tecnica/MacPuarsa/mac puarsa cablagem 012.jpg
MacPuarsa	/Users/edmundofrazao/Codex/autonomous_file_intelligence/runtime/organized_v7/01. Documentacao Tecnica/Sem_Marca/mac puarsa cablagem 013.jpg	/Users/edmundofrazao/Codex/autonomous_file_intelligence/runtime/organized_v7/01. Documentacao Tecnica/MacPuarsa/mac puarsa cablagem 013.jpg
MacPuarsa	/Users/edmundofrazao/Codex/autonomous_file_intelligence/runtime/organized_v7/01. Documentacao Tecnica/Sem_Marca/mac puarsa cablagem 014.jpg	/Users/edmundofrazao/Codex/autonomous_file_intelligence/runtime/organized_v7/01. Documentacao Tecnica/MacPuarsa/mac puarsa cablagem 014.jpg
MacPuarsa	/Users/edmundofrazao/Codex/autonomous_file_intelligence/runtime/organized_v7/01. Documentacao Tecnica/Sem_Marca/mac puarsa cablagem 015.jpg	/Users/edmundofrazao/Codex/autonomous_file_intelligence/runtime/organized_v7/01. Documentacao Tecnica/MacPuarsa/mac puarsa cablagem 015.jpg
MacPuarsa	/Users/edmundofrazao/Codex/autonomous_file_intelligence/runtime/organized_v7/01. Documentacao Tecnica/Sem_Marca/mac puarsa cablagem 016.jpg	/Users/edmundofrazao/Codex/autonomous_file_intelligence/runtime/organized_v7/01. Documentacao Tecnica/MacPuarsa/mac puarsa cablagem 016.jpg
MacPuarsa	/Users/edmundofrazao/Codex/autonomous_file_intelligence/runtime/organized_v7/01. Documentacao Tecnica/Sem_Marca/mac puarsa cablagem 017.jpg	/Users/edmundofrazao/Codex/autonomous_file_intelligence/runtime/organized_v7/01. Documentacao Tecnica/MacPuarsa/mac puarsa cablagem 017.jpg
MacPuarsa	/Users/edmundofrazao/Codex/autonomous_file_intelligence/runtime/organized_v7/01. Documentacao Tecnica/Sem_Marca/mac puarsa cablagem 019.jpg	/Users/edmundofrazao/Codex/autonomous_file_intelligence/runtime/organized_v7/01. Documentacao Tecnica/MacPuarsa/mac puarsa cablagem 019.jpg
MacPuarsa	/Users/edmundofrazao/Codex/autonomous_file_intelligence/runtime/organized_v7/01. Documentacao Tecnica/Sem_Marca/puarsa esquem. 001.jpg	/Users/edmundofrazao/Codex/autonomous_file_intelligence/runtime/organized_v7/01. Documentacao Tecnica/MacPuarsa/puarsa esquem. 001.jpg
MacPuarsa	/Users/edmundofrazao/Codex/autonomous_file_intelligence/runtime/organized_v7/01. Documentacao Tecnica/Sem_Marca/puarsa esquem. 003.jpg	/Users/edmundofrazao/Codex/autonomous_file_intelligence/runtime/organized_v7/01. Documentacao Tecnica/MacPuarsa/puarsa esquem. 003.jpg
MacPuarsa	/Users/edmundofrazao/Codex/autonomous_file_intelligence/runtime/organized_v7/01. Documentacao Tecnica/Sem_Marca/puarsa esquem. 004.jpg	/Users/edmundofrazao/Codex/autonomous_file_intelligence/runtime/organized_v7/01. Documentacao Tecnica/MacPuarsa/puarsa esquem. 004.jpg
MacPuarsa	/Users/edmundofrazao/Codex/autonomous_file_intelligence/runtime/organized_v7/01. Documentacao Tecnica/Sem_Marca/puarsa esquem..jpg	/Users/edmundofrazao/Codex/autonomous_file_intelligence/runtime/organized_v7/01. Documentacao Tecnica/MacPuarsa/puarsa esquem..jpg
MacPuarsa	/Users/edmundofrazao/Codex/autonomous_file_intelligence/runtime/organized_v7/01. Documentacao Tecnica/Sem_Marca/puarsa lig duplex.jpg	/Users/edmundofrazao/Codex/autonomous_file_intelligence/runtime/organized_v7/01. Documentacao Tecnica/MacPuarsa/puarsa lig duplex.jpg
MacPuarsa	/Users/edmundofrazao/Codex/autonomous_file_intelligence/runtime/organized_v7/01. Documentacao Tecnica/Sem_Marca/puarsa param. 001.jpg	/Users/edmundofrazao/Codex/autonomous_file_intelligence/runtime/organized_v7/01. Documentacao Tecnica/MacPuarsa/puarsa param. 001.jpg
MacPuarsa	/Users/edmundofrazao/Codex/autonomous_file_intelligence/runtime/organized_v7/01. Documentacao Tecnica/Sem_Marca/puarsa param. 002.jpg	/Users/edmundofrazao/Codex/autonomous_file_intelligence/runtime/organized_v7/01. Documentacao Tecnica/MacPuarsa/puarsa param. 002.jpg
MacPuarsa	/Users/edmundofrazao/Codex/autonomous_file_intelligence/runtime/organized_v7/01. Documentacao Tecnica/Sem_Marca/puarsa param. 003.jpg	/Users/edmundofrazao/Codex/autonomous_file_intelligence/runtime/organized_v7/01. Documentacao Tecnica/MacPuarsa/puarsa param. 003.jpg
MacPuarsa	/Users/edmundofrazao/Codex/autonomous_file_intelligence/runtime/organized_v7/01. Documentacao Tecnica/Sem_Marca/puarsa param. 004.jpg	/Users/edmundofrazao/Codex/autonomous_file_intelligence/runtime/organized_v7/01. Documentacao Tecnica/MacPuarsa/puarsa param. 004.jpg
MacPuarsa	/Users/edmundofrazao/Codex/autonomous_file_intelligence/runtime/organized_v7/01. Documentacao Tecnica/Sem_Marca/puarsa param. 005.jpg	/Users/edmundofrazao/Codex/autonomous_file_intelligence/runtime/organized_v7/01. Documentacao Tecnica/MacPuarsa/puarsa param. 005.jpg
MacPuarsa	/Users/edmundofrazao/Codex/autonomous_file_intelligence/runtime/organized_v7/01. Documentacao Tecnica/Sem_Marca/puarsa param. 006.jpg	/Users/edmundofrazao/Codex/autonomous_file_intelligence/runtime/organized_v7/01. Documentacao Tecnica/MacPuarsa/puarsa param. 006.jpg
MacPuarsa	/Users/edmundofrazao/Codex/autonomous_file_intelligence/runtime/organized_v7/01. Documentacao Tecnica/Sem_Marca/puarsa param. 012.jpg	/Users/edmundofrazao/Codex/autonomous_file_intelligence/runtime/organized_v7/01. Documentacao Tecnica/MacPuarsa/puarsa param. 012.jpg
MacPuarsa	/Users/edmundofrazao/Codex/autonomous_file_intelligence/runtime/organized_v7/01. Documentacao Tecnica/Sem_Marca/puarsa param..jpg	/Users/edmundofrazao/Codex/autonomous_file_intelligence/runtime/organized_v7/01. Documentacao Tecnica/MacPuarsa/puarsa param..jpg
MacPuarsa	/Users/edmundofrazao/Codex/autonomous_file_intelligence/runtime/organized_v7/01. Documentacao Tecnica/Sem_Marca/puarsa pl cont.jpg	/Users/edmundofrazao/Codex/autonomous_file_intelligence/runtime/organized_v7/01. Documentacao Tecnica/MacPuarsa/puarsa pl cont.jpg
MacPuarsa	/Users/edmundofrazao/Codex/autonomous_file_intelligence/runtime/organized_v7/01. Documentacao Tecnica/Sem_Marca/puarsa pl contr. progr..jpg	/Users/edmundofrazao/Codex/autonomous_file_intelligence/runtime/organized_v7/01. Documentacao Tecnica/MacPuarsa/puarsa pl contr. progr..jpg
MacPuarsa	/Users/edmundofrazao/Codex/autonomous_file_intelligence/runtime/organized_v7/01. Documentacao Tecnica/Sem_Marca/puarsa plc control 001.jpg	/Users/edmundofrazao/Codex/autonomous_file_intelligence/runtime/organized_v7/01. Documentacao Tecnica/MacPuarsa/puarsa plc control 001.jpg
MacPuarsa	/Users/edmundofrazao/Codex/autonomous_file_intelligence/runtime/organized_v7/01. Documentacao Tecnica/Sem_Marca/puarsa plc control 002.jpg	/Users/edmundofrazao/Codex/autonomous_file_intelligence/runtime/organized_v7/01. Documentacao Tecnica/MacPuarsa/puarsa plc control 002.jpg
MacPuarsa	/Users/edmundofrazao/Codex/autonomous_file_intelligence/runtime/organized_v7/01. Documentacao Tecnica/Sem_Marca/puarsa plc control 003.jpg	/Users/edmundofrazao/Codex/autonomous_file_intelligence/runtime/organized_v7/01. Documentacao Tecnica/MacPuarsa/puarsa plc control 003.jpg
MacPuarsa	/Users/edmundofrazao/Codex/autonomous_file_intelligence/runtime/organized_v7/01. Documentacao Tecnica/Sem_Marca/puarsa plc control 004.jpg	/Users/edmundofrazao/Codex/autonomous_file_intelligence/runtime/organized_v7/01. Documentacao Tecnica/MacPuarsa/puarsa plc control 004.jpg
MacPuarsa	/Users/edmundofrazao/Codex/autonomous_file_intelligence/runtime/organized_v7/01. Documentacao Tecnica/Sem_Marca/puarsa plc control 005.jpg	/Users/edmundofrazao/Codex/autonomous_file_intelligence/runtime/organized_v7/01. Documentacao Tecnica/MacPuarsa/puarsa plc control 005.jpg
MacPuarsa	/Users/edmundofrazao/Codex/autonomous_file_intelligence/runtime/organized_v7/01. Documentacao Tecnica/Sem_Marca/puarsa plc control 006.jpg	/Users/edmundofrazao/Codex/autonomous_file_intelligence/runtime/organized_v7/01. Documentacao Tecnica/MacPuarsa/puarsa plc control 006.jpg
MacPuarsa	/Users/edmundofrazao/Codex/autonomous_file_intelligence/runtime/organized_v7/01. Documentacao Tecnica/Sem_Marca/puarsa plc control 008.jpg	/Users/edmundofrazao/Codex/autonomous_file_intelligence/runtime/organized_v7/01. Documentacao Tecnica/MacPuarsa/puarsa plc control 008.jpg
MacPuarsa	/Users/edmundofrazao/Codex/autonomous_file_intelligence/runtime/organized_v7/01. Documentacao Tecnica/Sem_Marca/puarsa plc control 011.jpg	/Users/edmundofrazao/Codex/autonomous_file_intelligence/runtime/organized_v7/01. Documentacao Tecnica/MacPuarsa/puarsa plc control 011.jpg
MacPuarsa	/Users/edmundofrazao/Codex/autonomous_file_intelligence/runtime/organized_v7/01. Documentacao Tecnica/Sem_Marca/puarsa plc control 018.jpg	/Users/edmundofrazao/Codex/autonomous_file_intelligence/runtime/organized_v7/01. Documentacao Tecnica/MacPuarsa/puarsa plc control 018.jpg
MacPuarsa	/Users/edmundofrazao/Codex/autonomous_file_intelligence/runtime/organized_v7/01. Documentacao Tecnica/Sem_Marca/puarsa plc control 020.jpg	/Users/edmundofrazao/Codex/autonomous_file_intelligence/runtime/organized_v7/01. Documentacao Tecnica/MacPuarsa/puarsa plc control 020.jpg
MacPuarsa	/Users/edmundofrazao/Codex/autonomous_file_intelligence/runtime/organized_v7/01. Documentacao Tecnica/Sem_Marca/puarsa plc control.jpg	/Users/edmundofrazao/Codex/autonomous_file_intelligence/runtime/organized_v7/01. Documentacao Tecnica/MacPuarsa/puarsa plc control.jpg
Schindler	/Users/edmundofrazao/Codex/autonomous_file_intelligence/runtime/organized_v7/01. Documentacao Tecnica/Sem_Marca/MICONIC C electrico.pdf	/Users/edmundofrazao/Codex/autonomous_file_intelligence/runtime/organized_v7/01. Documentacao Tecnica/Schindler/MICONIC C electrico.pdf
Carlos_Silva	/Users/edmundofrazao/Codex/autonomous_file_intelligence/runtime/organized_v7/01. Documentacao Tecnica/Sem_Marca/Carlos Silva HIDRA Electronic Control For Lifts.pdf	/Users/edmundofrazao/Codex/autonomous_file_intelligence/runtime/organized_v7/01. Documentacao Tecnica/Carlos_Silva/Carlos Silva HIDRA Electronic Control For Lifts.pdf
MacPuarsa	/Users/edmundofrazao/Codex/autonomous_file_intelligence/runtime/organized_v7/01. Documentacao Tecnica/Sem_Marca/(43) Microsimplex - Ins. Electrica Prémontada.PDF	/Users/edmundofrazao/Codex/autonomous_file_intelligence/runtime/organized_v7/01. Documentacao Tecnica/MacPuarsa/(43) Microsimplex - Ins. Electrica Prémontada.PDF
